№ транзитного документа;Дата операции;Время создания;Сегодня;Задержка;№ задания;Код КА;Наименование КА;№ паллеты;Статус паллеты;Статус в диспетчере;МП паллеты;Комментарий РАО
777815GR0037;29.12.2021;13.07.2021;16.01.2022;187,00;356271153;777815;Жоакин;930782;Сформированная;Выполненное;Транзит МС ТД-747;
773645KR2006;29.12.2021;20.10.2021;16.01.2022;87,64;364395325;773645;Десантник;585824;Сформированная;Отложенное;Транзит МС ТД-745;
502870G3077/1;29.12.2021;25.10.2021;16.01.2022;82,47;364820058;502870;Диффузия;609873;Сформированная;Отложенное;Транзит МС ТД-737;
502870N1391/2;29.12.2021;27.10.2021;16.01.2022;80,24;365021927;502870;Диффузия;622105;Сформированная;Отложенное;Транзит МС ТД-739;
502870N1391;29.12.2021;30.10.2021;16.01.2022;77,58;365246014;502870;Диффузия;634189;Сформированная;Отложенное;Транзит МС ТД-737;
509106WR0238;29.12.2021;19.11.2021;16.01.2022;57,36;366937428;509106;Демавенд;730836;Сформированная;Отложенное;Транзит МС ТД-743;
502870MR31034;29.12.2021;19.11.2021;16.01.2022;57,32;366940287;502870;Диффузия;731114;Сформированная;Отложенное;Транзит МС ТД-751;
774913MR04054;29.12.2021;20.11.2021;16.01.2022;56,41;367012918;774913;Региум;734588;Сформированная;Отложенное;Транзит МС ТД-751;
773645MR04078;29.12.2021;20.11.2021;16.01.2022;56,40;367013346;773645;Десантник;734625;Сформированная;Отложенное;Транзит МС ТД-751;
773645KRR2006;29.12.2021;27.11.2021;16.01.2022;49,62;367604701;773645;Десантник;770504;Сформированная;Отложенное;Транзит МС ТД-753;
764514WR0170/1;29.12.2021;09.12.2021;16.01.2022;37,62;368555724;764514;Амарилло;817022;Сформированная;Отложенное;Транзит МС ТД-743;Не наш КА, необходимо проверить корректность приемки
502870GR3075/6;29.12.2021;27.12.2021;16.01.2022;19,58;370134354;502870;Диффузия;891413;Сформированная;Отложенное;Транзит МС ТД-747;
502870A3075/6;29.12.2021;27.12.2021;16.01.2022;19,58;370134720;502870;Диффузия;891437;Сформированная;Отложенное;Транзит МС ТД-743;
502870A3075/6;29.12.2021;27.12.2021;16.01.2022;19,58;370134720;502870;Диффузия;716481;Сформированная;Отложенное;Транзит МС ТД-745;
508745G2702/5;17.01.2022;06.01.2022;16.01.2022;9,03;370836994;508745;Бельвиль;925645;Сформированная;Выполненное;Транзит МС ТД-900;
777795G3725;17.01.2022;07.01.2022;16.01.2022;8,60;370881210;777795;Коджи;927384;Сформированная;Выполненное;Транзит МС ТД-113;
683069N1348;17.01.2022;08.01.2022;16.01.2022;7,87;370924748;683069;Океанолог;930591;Сформированная;Выполненное;Транзит МС ТД-422;
777760GRR3881;08.01.2022;08.01.2022;16.01.2022;7,39;370973172;777760;Смальтин;932631;Сформированная;Отложенное;Транзит МС ТД-714;
683069N1347;17.01.2022;08.01.2022;16.01.2022;7,24;370984267;683069;Океанолог;933657;Сформированная;Выполненное;Транзит МС ТД-339;
936935G2426;10.01.2022;08.01.2022;16.01.2022;7,24;370984179;936935;Мюрин;933649;Сформированная;Отложенное;Транзит МС ТД-246;
120742G1951;17.01.2022;09.01.2022;16.01.2022;6,65;371031292;120742;Мопс;935598;Сформированная;Выполненное;Транзит МС ТД-222;
120742N1626/2;17.01.2022;09.01.2022;16.01.2022;6,65;371031594;120742;Мопс;935603;Сформированная;Выполненное;Транзит МС ТД-900;
772087G2915/5;17.01.2022;09.01.2022;16.01.2022;6,27;371060141;772087;Форзейль;937554;Сформированная;Выполненное;Транзит МС ТД-900;
228624N1559;17.01.2022;09.01.2022;16.01.2022;6,19;371063953;228624;Маскота;937898;Сформированная;Выполненное;Транзит МС ТД-251;
690014G4573/3;17.01.2022;10.01.2022;16.01.2022;5,63;371108911;690014;Прогрессивный;939518;Сформированная;Выполненное;Транзит МС ТД-131;
936926G2456/4;14.01.2022;10.01.2022;16.01.2022;5,60;371112442;936926;Зорька;939620;Сформированная;Отложенное;Транзит МС ТД-27;
936926N2026;14.01.2022;10.01.2022;16.01.2022;5,60;371113037;936926;Зорька;939718;Сформированная;Отложенное;Транзит МС ТД-76;
936992G2052;13.01.2022;10.01.2022;16.01.2022;5,31;371135106;936992;Крутояр;941210;Сформированная;Выполненное;Транзит МС ТД-314;
550406G1872/2;11.01.2022;11.01.2022;16.01.2022;4,32;371217809;550406;Аптечка;944531;Сформированная;Отложенное;Транзит МС ТД-246;
129228N1491/2;17.01.2022;11.01.2022;16.01.2022;4,32;371217832;129228;Кулдига;944532;Сформированная;Выполненное;Транзит МС ТД-72;
120742G1954/4;17.01.2022;11.01.2022;16.01.2022;4,31;371217938;120742;Мопс;944667;Сформированная;Выполненное;Транзит МС ТД-337;
129228G1921/3;17.01.2022;11.01.2022;16.01.2022;4,31;371218353;129228;Кулдига;944576;Сформированная;Выполненное;Транзит МС ТД-428;
935027N1988;17.01.2022;11.01.2022;16.01.2022;4,31;371218407;935027;Икальма;944578;Сформированная;Выполненное;Транзит МС ТД-269;
120742G1954/3;17.01.2022;11.01.2022;16.01.2022;4,31;371218417;120742;Мопс;944579;Сформированная;Выполненное;Транзит МС ТД-267;
228624N1560;17.01.2022;11.01.2022;16.01.2022;4,31;371218511;228624;Маскота;944692;Сформированная;Выполненное;Транзит МС ТД-394;
503714G2574/5;17.01.2022;11.01.2022;16.01.2022;4,31;371218639;503714;Абсолютизация;944702;Сформированная;Выполненное;Транзит МС ТД-362;
228624G2142;17.01.2022;11.01.2022;16.01.2022;4,31;371218645;228624;Маскота;944703;Сформированная;Выполненное;Транзит МС ТД-333;
120742G1954;17.01.2022;11.01.2022;16.01.2022;4,30;371218540;120742;Мопс;944710;Сформированная;Выполненное;Транзит МС ТД-310;
129228N1491;17.01.2022;11.01.2022;16.01.2022;4,30;371218778;129228;Кулдига;944717;Сформированная;Выполненное;Транзит МС ТД-21;
228624G2142/2;17.01.2022;11.01.2022;16.01.2022;4,30;371218897;228624;Маскота;944721;Сформированная;Выполненное;Транзит МС ТД-315;
947772G2543;13.01.2022;11.01.2022;16.01.2022;4,29;371219470;947772;Островной;944799;Сформированная;Отложенное;Транзит МС ТД-228;
683069N1349;17.01.2022;11.01.2022;16.01.2022;4,27;371221064;683069;Океанолог;944858;Сформированная;Выполненное;Транзит МС ТД-230;
947772N1622;13.01.2022;11.01.2022;16.01.2022;4,27;371221241;947772;Островной;944891;Сформированная;Отложенное;Транзит МС ТД-32;
683069N1349/2;17.01.2022;11.01.2022;16.01.2022;4,27;371221498;683069;Океанолог;944899;Сформированная;Выполненное;Транзит МС ТД-317;
683069G1579;17.01.2022;11.01.2022;16.01.2022;4,27;371221736;683069;Океанолог;944949;Сформированная;Выполненное;Транзит МС ТД-92;
935027G3131/2;17.01.2022;11.01.2022;16.01.2022;4,26;371221951;935027;Икальма;945047;Сформированная;Выполненное;Транзит МС ТД-182;
935027G3131/3;17.01.2022;11.01.2022;16.01.2022;4,26;371222135;935027;Икальма;944953;Сформированная;Выполненное;Транзит МС ТД-257;
935027G3131;17.01.2022;11.01.2022;16.01.2022;4,23;371223393;935027;Икальма;944963;Сформированная;Выполненное;Транзит МС ТД-295;
129228G1921/2;17.01.2022;11.01.2022;16.01.2022;4,23;371223467;129228;Кулдига;944964;Сформированная;Выполненное;Транзит МС ТД-350;
936937GR2471/2;17.01.2022;11.01.2022;16.01.2022;4,04;371233082;936937;Элодия;945442;Сформированная;Выполненное;Транзит МС ТД-267;
690712G4604/5/1;17.01.2022;12.01.2022;16.01.2022;3,65;371275346;690712;Касерес;946721;Сформированная;Выполненное;Транзит МС ТД-153;
935043GR3112/2;17.01.2022;12.01.2022;16.01.2022;3,41;371297504;935043;Амбер;947955;Сформированная;Выполненное;Транзит МС ТД-129;
936926N2028;14.01.2022;12.01.2022;16.01.2022;3,35;371301864;936926;Зорька;948311;Сформированная;Отложенное;Транзит МС ТД-63;
931784G1082;17.01.2022;12.01.2022;16.01.2022;3,35;371302204;931784;Хлебопекарня;948326;Сформированная;Выполненное;Транзит МС ТД-197;
529690N1729;17.01.2022;12.01.2022;16.01.2022;3,35;371302305;529690;Харама;948330;Сформированная;Выполненное;Транзит МС ТД-50;
936926G2460;14.01.2022;12.01.2022;16.01.2022;3,33;371304729;936926;Зорька;948392;Сформированная;Отложенное;Транзит МС ТД-57;
529690G2399;17.01.2022;12.01.2022;16.01.2022;3,32;371305188;529690;Харама;948444;Сформированная;Выполненное;Транзит МС ТД-95;
955096N1754/3;14.01.2022;12.01.2022;16.01.2022;3,19;371314505;955096;Люфа;949115;Сформированная;Выполненное;Транзит МС ТД-308;
936926G2461;14.01.2022;12.01.2022;16.01.2022;3,00;371327125;936926;Зорька;949675;Сформированная;Отложенное;Транзит МС ТД-204;
692337G1070/3;17.01.2022;13.01.2022;16.01.2022;2,93;371329997;692337;Остроугольник;949815;Сформированная;Выполненное;Транзит МС ТД-111;
508884G2850/3;17.01.2022;13.01.2022;16.01.2022;2,82;371338326;508884;Тофер;950349;Сформированная;Выполненное;21-ПРАВО;
937751G3646;17.01.2022;13.01.2022;16.01.2022;2,58;371374756;937751;Джиллиан;951091;Сформированная;Выполненное;Транзит МС ТД-249;
937764N1879;13.01.2022;13.01.2022;16.01.2022;2,58;371374826;937764;Анетта;951095;Сформированная;Отложенное;Транзит МС ТД-270;
937799G2579;13.01.2022;13.01.2022;16.01.2022;2,58;371374849;937799;Филенка;951096;Сформированная;Отложенное;Транзит МС ТД-263;
965034N1592;13.01.2022;13.01.2022;16.01.2022;2,58;371374974;965034;Жирный;951298;Сформированная;Отложенное;Транзит МС ТД-271;
935070N1708;13.01.2022;13.01.2022;16.01.2022;2,57;371375138;935070;Иноградский;951308;Сформированная;Отложенное;Транзит МС ТД-318;
962525G1188/3;17.01.2022;13.01.2022;16.01.2022;2,57;371375370;962525;Специфичность;951306;Сформированная;Выполненное;Транзит МС ТД-316;
529690G2400;17.01.2022;13.01.2022;16.01.2022;2,57;371375688;529690;Харама;951347;Сформированная;Выполненное;Транзит МС ТД-323;
937777N1759;13.01.2022;13.01.2022;16.01.2022;2,57;371375700;937777;Закваска;951348;Сформированная;Отложенное;Транзит МС ТД-321;
936948G2356;15.01.2022;13.01.2022;16.01.2022;2,57;371375866;936948;Барлетта;951351;Сформированная;Отложенное;Транзит МС ТД-111;
955049G2077;13.01.2022;13.01.2022;16.01.2022;2,57;371375876;955049;Соответствие;951352;Сформированная;Отложенное;Транзит МС ТД-327;
781065N1418;13.01.2022;13.01.2022;16.01.2022;2,57;371375980;781065;Кивано;951355;Сформированная;Отложенное;Транзит МС ТД-329;
955046G2284;13.01.2022;13.01.2022;16.01.2022;2,55;371378297;955046;Эхеверия;951427;Сформированная;Отложенное;Транзит МС ТД-208;
957788G2174;13.01.2022;13.01.2022;16.01.2022;2,55;371378529;957788;Авчурино;951430;Сформированная;Отложенное;Транзит МС ТД-214;
935074N1841;13.01.2022;13.01.2022;16.01.2022;2,54;371378806;935074;Беллетристика;951436;Сформированная;Отложенное;Транзит МС ТД-357;
950673G1070;17.01.2022;13.01.2022;16.01.2022;2,54;371379006;950673;Своеволие;951458;Сформированная;Выполненное;Транзит МС ТД-351;
171850N1160;17.01.2022;13.01.2022;16.01.2022;2,54;371379060;171850;Рыботорговец;951460;Сформированная;Выполненное;Транзит МС ТД-204;
490836N1474;13.01.2022;13.01.2022;16.01.2022;2,54;371379140;490836;Табуле;951579;Сформированная;Отложенное;Транзит МС ТД-299;
947701N1937;13.01.2022;13.01.2022;16.01.2022;2,54;371379481;947701;Гречиха;951587;Сформированная;Отложенное;Транзит МС ТД-73;
947701N1937;13.01.2022;13.01.2022;16.01.2022;2,54;371379481;947701;Гречиха;951588;Сформированная;Отложенное;Транзит МС ТД-149;
937744N2159;13.01.2022;13.01.2022;16.01.2022;2,54;371379484;937744;Фелисити;951589;Сформированная;Отложенное;Транзит МС ТД-56;
955080G2091;13.01.2022;13.01.2022;16.01.2022;2,53;371379881;955080;Рассудок;951602;Сформированная;Отложенное;Транзит МС ТД-151;
931784N1057;17.01.2022;13.01.2022;16.01.2022;2,53;371379948;931784;Хлебопекарня;951604;Сформированная;Выполненное;Транзит МС ТД-437;
171850G1244/2;17.01.2022;13.01.2022;16.01.2022;2,52;371380634;171850;Рыботорговец;951643;Сформированная;Выполненное;Транзит МС ТД-285;
508914G3773/6;15.01.2022;13.01.2022;16.01.2022;2,44;371385099;508914;Дифракция;951681;Сформированная;Выполненное;Транзит МС ТД-148;
937751G3645;17.01.2022;13.01.2022;16.01.2022;2,43;371385787;937751;Джиллиан;951726;Сформированная;Выполненное;Транзит МС ТД-340;
945045N1749/3;13.01.2022;13.01.2022;16.01.2022;2,27;371400312;945045;Диетолог;952617;Сформированная;Отложенное;Транзит МС ТД-388;
770311G3160/3;15.01.2022;13.01.2022;16.01.2022;2,27;371400789;770311;Ормозия;952619;Сформированная;Выполненное;Транзит МС ТД-254;
937777N1758;13.01.2022;13.01.2022;16.01.2022;2,25;371402194;937777;Закваска;952666;Сформированная;Отложенное;Транзит МС ТД-67;
937777G2709/3;13.01.2022;13.01.2022;16.01.2022;2,25;371402240;937777;Закваска;952668;Сформированная;Отложенное;Транзит МС ТД-67;
945045G2453/2;13.01.2022;13.01.2022;16.01.2022;2,25;371402259;945045;Диетолог;952669;Сформированная;Отложенное;Транзит МС ТД-65;
945045G2453/6;13.01.2022;13.01.2022;16.01.2022;2,24;371402444;945045;Диетолог;952670;Сформированная;Отложенное;Транзит МС ТД-156;
945045G2453/5;13.01.2022;13.01.2022;16.01.2022;2,24;371402458;945045;Диетолог;952671;Сформированная;Отложенное;Транзит МС ТД-154;
937777N1758/2;13.01.2022;13.01.2022;16.01.2022;2,24;371402755;937777;Закваска;952675;Сформированная;Отложенное;Транзит МС ТД-172;
937777G2709/7;13.01.2022;13.01.2022;16.01.2022;2,24;371402762;937777;Закваска;952676;Сформированная;Отложенное;Транзит МС ТД-170;
937777G2709;13.01.2022;13.01.2022;16.01.2022;2,24;371402815;937777;Закваска;952678;Сформированная;Отложенное;Транзит МС ТД-210;
937777G2709/2;13.01.2022;13.01.2022;16.01.2022;2,24;371403117;937777;Закваска;952680;Сформированная;Отложенное;Транзит МС ТД-169;
945045G2453;13.01.2022;13.01.2022;16.01.2022;2,24;371403219;945045;Диетолог;952681;Сформированная;Отложенное;Транзит МС ТД-226;
945045G2453/3;13.01.2022;13.01.2022;16.01.2022;2,23;371403279;945045;Диетолог;952683;Сформированная;Отложенное;Транзит МС ТД-224;
937799N1781;13.01.2022;13.01.2022;16.01.2022;2,02;371419107;937799;Филенка;953248;Сформированная;Отложенное;Транзит МС ТД-101;
202316G1237;13.01.2022;13.01.2022;16.01.2022;2,01;371419271;202316;Утеснение;953258;Сформированная;Отложенное;Транзит МС ТД-374;
945056G2217/5;13.01.2022;13.01.2022;16.01.2022;2,01;371419276;945056;Воскресный;953259;Сформированная;Отложенное;Транзит МС ТД-376;
955080G2090/2;13.01.2022;13.01.2022;16.01.2022;2,01;371419290;955080;Рассудок;953261;Сформированная;Отложенное;Транзит МС ТД-384;
955080N1604;13.01.2022;13.01.2022;16.01.2022;2,01;371419467;955080;Рассудок;953719;Сформированная;Отложенное;Транзит МС ТД-426;
937764G2725;13.01.2022;13.01.2022;16.01.2022;2,01;371419473;937764;Анетта;953720;Сформированная;Отложенное;Транзит МС ТД-428;
937764G2725/2;13.01.2022;13.01.2022;16.01.2022;2,01;371419585;937764;Анетта;953716;Сформированная;Отложенное;Транзит МС ТД-430;
945056G2217/3;13.01.2022;13.01.2022;16.01.2022;2,01;371419487;945056;Воскресный;953722;Сформированная;Отложенное;Транзит МС ТД-436;
937764G2725/4;13.01.2022;13.01.2022;16.01.2022;2,01;371419508;937764;Анетта;953726;Сформированная;Отложенное;Транзит МС ТД-444;
937764G2725/3;13.01.2022;13.01.2022;16.01.2022;2,01;371419525;937764;Анетта;953730;Сформированная;Отложенное;Транзит МС ТД-366;
945056G2217;13.01.2022;13.01.2022;16.01.2022;2,01;371419534;945056;Воскресный;953732;Сформированная;Отложенное;Транзит МС ТД-360;
945056N1781/3;13.01.2022;13.01.2022;16.01.2022;2,01;371419552;945056;Воскресный;953736;Сформированная;Отложенное;Транзит МС ТД-352;
935074G2660/2;13.01.2022;13.01.2022;16.01.2022;2,01;371419777;935074;Беллетристика;953750;Сформированная;Отложенное;Транзит МС ТД-338;
936919N2080/2;16.01.2022;14.01.2022;16.01.2022;1,87;371426660;936919;Нори;954112;Сформированная;Выполненное;Транзит МС ТД-188;
770015N1479;17.01.2022;14.01.2022;16.01.2022;1,81;371430568;770015;Черняховский;954367;Сформированная;Выполненное;Транзит МС ТД-247;
502768N1446/2;16.01.2022;14.01.2022;16.01.2022;1,81;371430609;502768;Виннипег;954372;Сформированная;Выполненное;Транзит МС ТД-104;
503616G2871;15.01.2022;14.01.2022;16.01.2022;1,81;371430784;503616;Брандспойт;954382;Сформированная;Выполненное;Транзит МС ТД-314;
692823G2691/3;15.01.2022;14.01.2022;16.01.2022;1,81;371430797;692823;Лютряный;954384;Сформированная;Выполненное;Транзит МС ТД-324;
691082G3196;15.01.2022;14.01.2022;16.01.2022;1,80;371430831;691082;Коронный;954398;Сформированная;Выполненное;Транзит МС ТД-264;
502369N1367/4;15.01.2022;14.01.2022;16.01.2022;1,80;371431270;502369;Мария;954472;Сформированная;Выполненное;Транзит МС ТД-264;
935057GR2457;14.01.2022;14.01.2022;16.01.2022;1,64;371461766;935057;Софрония;954811;Сформированная;Отложенное;Транзит МС ТД-375;
502784G2807/3;17.01.2022;14.01.2022;16.01.2022;1,61;371465114;502784;Магас;954852;Сформированная;Выполненное;Транзит МС ТД-258;
502784GR2807;17.01.2022;14.01.2022;16.01.2022;1,61;371465156;502784;Магас;954853;Сформированная;Выполненное;Транзит МС ТД-258;
502784G2807/5;17.01.2022;14.01.2022;16.01.2022;1,39;371480463;502784;Магас;956272;Сформированная;Выполненное;Транзит МС ТД-69;
529509M14002;14.01.2022;14.01.2022;16.01.2022;1,38;371480899;529509;Бангвеулу;956330;Сформированная;Отложенное;Транзит МС ТД-492;
937777M14003;14.01.2022;14.01.2022;16.01.2022;1,38;371480913;937777;Закваска;956332;Сформированная;Отложенное;Транзит МС ТД-492;
955080M14005;14.01.2022;14.01.2022;16.01.2022;1,38;371480961;955080;Рассудок;956337;Сформированная;Отложенное;Транзит МС ТД-492;
293851M14007;14.01.2022;14.01.2022;16.01.2022;1,38;371481007;293851;Мантанани;956340;Сформированная;Отложенное;Транзит МС ТД-492;
936929M14010;14.01.2022;14.01.2022;16.01.2022;1,38;371481071;936929;Дымчатка;956344;Сформированная;Отложенное;Транзит МС ТД-492;
540696M14011;14.01.2022;14.01.2022;16.01.2022;1,38;371481107;540696;Ветторе;956346;Сформированная;Отложенное;Транзит МС ТД-492;
773392N1461;16.01.2022;14.01.2022;16.01.2022;1,37;371482069;773392;Дастокс;956411;Сформированная;Выполненное;Транзит МС ТД-440;
773458M14024;17.01.2022;14.01.2022;16.01.2022;1,37;371482209;773458;Пара;956423;Сформированная;Выполненное;Транзит МС ТД-496;
777796M14025;16.01.2022;14.01.2022;16.01.2022;1,37;371482317;777796;Кеншин;956424;Сформированная;Выполненное;Транзит МС ТД-496;
957788M14037;14.01.2022;14.01.2022;16.01.2022;1,36;371483813;957788;Авчурино;956469;Сформированная;Отложенное;Транзит МС ТД-524;
936985M14039;14.01.2022;14.01.2022;16.01.2022;1,36;371483991;936985;Трактат;956475;Сформированная;Отложенное;Транзит МС ТД-524;
937751M14042;17.01.2022;14.01.2022;16.01.2022;1,36;371484516;937751;Джиллиан;956503;Сформированная;Выполненное;Транзит МС ТД-523;
935018M14043;14.01.2022;14.01.2022;16.01.2022;1,36;371484542;935018;Лимонница;956504;Сформированная;Отложенное;Транзит МС ТД-523;
936908M14044;14.01.2022;14.01.2022;16.01.2022;1,36;371484738;936908;Драпировка;956528;Сформированная;Отложенное;Транзит МС ТД-519;
502784G2807/2;17.01.2022;14.01.2022;16.01.2022;1,36;371484744;502784;Магас;956529;Сформированная;Выполненное;Транзит МС ТД-184;
936949M14045;17.01.2022;14.01.2022;16.01.2022;1,36;371484757;936949;Мелизм;956531;Сформированная;Выполненное;Транзит МС ТД-519;
965045M14047;14.01.2022;14.01.2022;16.01.2022;1,36;371484778;965045;Инспектирование;956533;Сформированная;Отложенное;Транзит МС ТД-519;
529509M14049;14.01.2022;14.01.2022;16.01.2022;1,36;371484827;529509;Бангвеулу;956536;Сформированная;Отложенное;Транзит МС ТД-519;
947724M14050;17.01.2022;14.01.2022;16.01.2022;1,36;371484967;947724;Бенгалия;956549;Сформированная;Выполненное;Транзит МС ТД-519;
931784M14053;17.01.2022;14.01.2022;16.01.2022;1,35;371485038;931784;Хлебопекарня;956552;Сформированная;Выполненное;Транзит МС ТД-519;
950673M14054;17.01.2022;14.01.2022;16.01.2022;1,35;371485058;950673;Своеволие;956553;Сформированная;Выполненное;Транзит МС ТД-519;
444931M14058;14.01.2022;14.01.2022;16.01.2022;1,35;371485228;444931;Сослуживица;956579;Сформированная;Отложенное;Транзит МС ТД-519;
369055M14063;17.01.2022;14.01.2022;16.01.2022;1,35;371485455;369055;Угодничание;956607;Сформированная;Выполненное;Транзит МС ТД-519;
945096M14066;14.01.2022;14.01.2022;16.01.2022;1,35;371485541;945096;Кукольник;956630;Сформированная;Отложенное;Транзит МС ТД-509;
502784G2807;17.01.2022;14.01.2022;16.01.2022;1,35;371485588;502784;Магас;956632;Сформированная;Выполненное;Транзит МС ТД-188;
502784G2807;17.01.2022;14.01.2022;16.01.2022;1,35;371485588;502784;Магас;954851;Сформированная;Выполненное;Транзит МС ТД-260;
955070G2493;14.01.2022;14.01.2022;16.01.2022;1,30;371489939;955070;Рюмка;956803;Сформированная;Отложенное;Транзит МС ТД-414;
369055N1053;17.01.2022;14.01.2022;16.01.2022;1,28;371491800;369055;Угодничание;956857;Сформированная;Выполненное;Транзит МС ТД-266;
529690G2402/3;17.01.2022;14.01.2022;16.01.2022;1,28;371492036;529690;Харама;957122;Сформированная;Выполненное;Транзит МС ТД-274;
509559G2442;17.01.2022;14.01.2022;16.01.2022;1,28;371492321;509559;Объединение;957133;Сформированная;Выполненное;Транзит МС ТД-358;
945031G2450;17.01.2022;14.01.2022;16.01.2022;1,27;371492636;945031;Тамейн;957138;Сформированная;Выполненное;Транзит МС ТД-900;
529690G2402;17.01.2022;14.01.2022;16.01.2022;1,27;371492762;529690;Харама;957278;Сформированная;Выполненное;Транзит МС ТД-33;
945031N1793;17.01.2022;14.01.2022;16.01.2022;1,27;371492913;945031;Тамейн;957144;Сформированная;Выполненное;Транзит МС ТД-242;
502641G2598;17.01.2022;14.01.2022;16.01.2022;1,27;371492928;502641;Морико;957147;Сформированная;Выполненное;Транзит МС ТД-309;
022720G2021;17.01.2022;14.01.2022;16.01.2022;1,27;371492931;022720;Юлмуст;957148;Сформированная;Выполненное;Транзит МС ТД-36;
950673G1072/3;17.01.2022;14.01.2022;16.01.2022;1,27;371492949;950673;Своеволие;957150;Сформированная;Выполненное;Транзит МС ТД-43;
509559G2442/3;17.01.2022;14.01.2022;16.01.2022;1,27;371493029;509559;Объединение;957154;Сформированная;Выполненное;Транзит МС ТД-344;
937751G3648;17.01.2022;14.01.2022;16.01.2022;1,27;371493043;937751;Джиллиан;957155;Сформированная;Выполненное;Транзит МС ТД-232;
694822G2448/3;17.01.2022;14.01.2022;16.01.2022;1,27;371493174;694822;Годвард;957157;Сформированная;Выполненное;Транзит МС ТД-236;
905171G1127;17.01.2022;14.01.2022;16.01.2022;1,27;371493196;905171;Аптека Хаттинген;957159;Сформированная;Выполненное;Транзит МС ТД-354;
694822G2448/5;17.01.2022;14.01.2022;16.01.2022;1,26;371493531;694822;Годвард;957166;Сформированная;Выполненное;Транзит МС ТД-54;
955004G2489/3;14.01.2022;14.01.2022;16.01.2022;1,22;371496461;955004;Фурута;957461;Сформированная;Отложенное;Транзит МС ТД-293;
936925M14097;17.01.2022;14.01.2022;16.01.2022;1,21;371497046;936925;Сани;957506;Сформированная;Выполненное;Транзит МС ТД-596;
936921M14102;14.01.2022;14.01.2022;16.01.2022;1,21;371497214;936921;Риони;957512;Сформированная;Отложенное;Транзит МС ТД-596;
937789M14103;17.01.2022;14.01.2022;16.01.2022;1,21;371497234;937789;Панчетта;957515;Сформированная;Выполненное;Транзит МС ТД-596;
955004N1963;14.01.2022;14.01.2022;16.01.2022;1,20;371497779;955004;Фурута;957537;Сформированная;Отложенное;Транзит МС ТД-71;
965039G2020;17.01.2022;14.01.2022;16.01.2022;1,07;371505520;965039;Блат;957853;Сформированная;Выполненное;Транзит МС ТД-240;
708564G1944;17.01.2022;14.01.2022;16.01.2022;1,07;371505579;708564;Убежище;957856;Сформированная;Выполненное;Транзит МС ТД-240;
936937G2475/4;17.01.2022;14.01.2022;16.01.2022;1,07;371505366;936937;Элодия;957951;Сформированная;Выполненное;Транзит МС ТД-225;
965018G2086/4;17.01.2022;14.01.2022;16.01.2022;1,07;371505662;965018;Европеизация;957862;Сформированная;Выполненное;Транзит МС ТД-211;
935065G2792/5;17.01.2022;14.01.2022;16.01.2022;1,07;371505676;935065;Ротерем;957863;Сформированная;Выполненное;4-ЛЕВО;
965039N1517;17.01.2022;14.01.2022;16.01.2022;1,07;371505995;965039;Блат;957870;Сформированная;Выполненное;Транзит МС ТД-185;
965018N1601;17.01.2022;14.01.2022;16.01.2022;1,07;371506022;965018;Европеизация;957871;Сформированная;Выполненное;Транзит МС ТД-187;
509221G2179/3;17.01.2022;14.01.2022;16.01.2022;1,07;371506098;509221;Множество;957873;Сформированная;Выполненное;Транзит МС ТД-180;
503077G2564;17.01.2022;14.01.2022;16.01.2022;1,07;371506137;503077;Алабай;957874;Сформированная;Выполненное;24-ПРАВО;
935005G2918/4;17.01.2022;14.01.2022;16.01.2022;1,07;371506159;935005;Стойка;957875;Сформированная;Выполненное;Транзит МС ТД-186;
965039G2020/4;17.01.2022;14.01.2022;16.01.2022;1,07;371506162;965039;Блат;957876;Сформированная;Выполненное;Транзит МС ТД-187;
708564G1944/3;17.01.2022;14.01.2022;16.01.2022;1,07;371506181;708564;Убежище;957878;Сформированная;Выполненное;Транзит МС ТД-181;
708564N1513;17.01.2022;14.01.2022;16.01.2022;1,07;371506340;708564;Убежище;957880;Сформированная;Выполненное;Транзит МС ТД-171;
935005N2108;17.01.2022;14.01.2022;16.01.2022;1,07;371506349;935005;Стойка;957881;Сформированная;Выполненное;Транзит МС ТД-179;
935065G2792;17.01.2022;14.01.2022;16.01.2022;1,07;371506355;935065;Ротерем;957882;Сформированная;Выполненное;4-ЛЕВО;
708564G1944/4;17.01.2022;14.01.2022;16.01.2022;1,07;371506388;708564;Убежище;957885;Сформированная;Выполненное;Транзит МС ТД-154;
811752G2041/4;17.01.2022;14.01.2022;16.01.2022;1,06;371506419;811752;Микропроцессор;957888;Сформированная;Выполненное;Транзит МС ТД-155;
965018G2086;17.01.2022;14.01.2022;16.01.2022;1,06;371506460;965018;Европеизация;957890;Сформированная;Выполненное;Транзит МС ТД-147;
936937N2052;17.01.2022;14.01.2022;16.01.2022;1,06;371506473;936937;Элодия;957891;Сформированная;Выполненное;Транзит МС ТД-900;
935005G2918;17.01.2022;14.01.2022;16.01.2022;1,06;371506634;935005;Стойка;957897;Сформированная;Выполненное;Транзит МС ТД-133;
811752G2041;17.01.2022;14.01.2022;16.01.2022;1,06;371506641;811752;Микропроцессор;957898;Сформированная;Выполненное;Транзит МС ТД-128;
474627G1520/4;17.01.2022;14.01.2022;16.01.2022;1,06;371506794;474627;Иасо;957902;Сформированная;Выполненное;Транзит МС ТД-119;
936925G2575/4;17.01.2022;14.01.2022;16.01.2022;1,06;371506816;936925;Сани;957903;Сформированная;Выполненное;Транзит МС ТД-114;
935043G3115;17.01.2022;14.01.2022;16.01.2022;1,06;371506859;935043;Амбер;957905;Сформированная;Выполненное;Транзит МС ТД-108;
936918G2478/3;17.01.2022;14.01.2022;16.01.2022;1,06;371506864;936918;Лунь;957906;Сформированная;Выполненное;Транзит МС ТД-106;
945026G2704;17.01.2022;14.01.2022;16.01.2022;1,06;371506877;945026;Жемчужный;957907;Сформированная;Выполненное;21-ПРАВО;
936938G2387/3;17.01.2022;14.01.2022;16.01.2022;1,06;371506886;936938;Данаит;957908;Сформированная;Выполненное;22-ПРАВО;
936949G2320/4;17.01.2022;14.01.2022;16.01.2022;1,06;371506931;936949;Мелизм;957912;Сформированная;Выполненное;Транзит МС ТД-90;
936949G2320;17.01.2022;14.01.2022;16.01.2022;1,06;371506947;936949;Мелизм;957914;Сформированная;Выполненное;Транзит МС ТД-87;
936943N1739;17.01.2022;14.01.2022;16.01.2022;1,06;371506955;936943;Арболад;957915;Сформированная;Выполненное;Транзит МС ТД-85;
935073G3309;17.01.2022;14.01.2022;16.01.2022;1,06;371506980;935073;Архитрав;957917;Сформированная;Выполненное;Транзит МС ТД-79;
936938N1687;17.01.2022;14.01.2022;16.01.2022;1,06;371507090;936938;Данаит;957918;Сформированная;Выполненное;22-ПРАВО;
935073G3309/4;17.01.2022;14.01.2022;16.01.2022;1,06;371507125;935073;Архитрав;957920;Сформированная;Выполненное;Транзит МС ТД-65;
935073N2177;17.01.2022;14.01.2022;16.01.2022;1,06;371507131;935073;Архитрав;957921;Сформированная;Выполненное;Транзит МС ТД-63;
474627G1520/3;17.01.2022;14.01.2022;16.01.2022;1,06;371507143;474627;Иасо;957922;Сформированная;Выполненное;Транзит МС ТД-61;
936949N1672;17.01.2022;14.01.2022;16.01.2022;1,06;371507175;936949;Мелизм;957924;Сформированная;Выполненное;Транзит МС ТД-96;
936925G2575;17.01.2022;14.01.2022;16.01.2022;1,06;371507294;936925;Сани;957926;Сформированная;Выполненное;Транзит МС ТД-83;
503646N1378;17.01.2022;14.01.2022;16.01.2022;1,06;371507302;503646;Альменда;957927;Сформированная;Выполненное;21-ЛЕВО;
945026G2704/3;17.01.2022;14.01.2022;16.01.2022;1,06;371507321;945026;Жемчужный;957928;Сформированная;Выполненное;21-ПРАВО;
503646G2333;17.01.2022;14.01.2022;16.01.2022;1,06;371507340;503646;Альменда;957929;Сформированная;Выполненное;21-ЛЕВО;
936943G2502/2;17.01.2022;14.01.2022;16.01.2022;1,05;371507414;936943;Арболад;957934;Сформированная;Выполненное;Транзит МС ТД-26;
936943G2502;17.01.2022;14.01.2022;16.01.2022;1,05;371507428;936943;Арболад;957935;Сформированная;Выполненное;Транзит МС ТД-24;
474627N1334;17.01.2022;14.01.2022;16.01.2022;1,05;371507455;474627;Иасо;958107;Сформированная;Выполненное;Транзит МС ТД-38;
811752N1509;17.01.2022;14.01.2022;16.01.2022;1,05;371507491;811752;Микропроцессор;958110;Сформированная;Выполненное;Транзит МС ТД-127;
935043N1998;17.01.2022;14.01.2022;16.01.2022;1,05;371507507;935043;Амбер;958111;Сформированная;Выполненное;Транзит МС ТД-135;
503894G1927;17.01.2022;14.01.2022;16.01.2022;1,05;371507517;503894;Электростанция;958112;Сформированная;Выполненное;Транзит МС ТД-133;
936918G2478;17.01.2022;14.01.2022;16.01.2022;1,04;371508536;936918;Лунь;958115;Сформированная;Выполненное;Транзит МС ТД-121;
935043G3115/3;17.01.2022;14.01.2022;16.01.2022;1,04;371508580;935043;Амбер;958118;Сформированная;Выполненное;Транзит МС ТД-146;
936937G2475;17.01.2022;14.01.2022;16.01.2022;1,04;371508609;936937;Элодия;958120;Сформированная;Выполненное;Транзит МС ТД-404;
936909N2198;17.01.2022;14.01.2022;16.01.2022;1,04;371508688;936909;Вуалетка;958122;Сформированная;Выполненное;Транзит МС ТД-900;
945026N2004;17.01.2022;14.01.2022;16.01.2022;1,04;371508770;945026;Жемчужный;958127;Сформированная;Выполненное;21-ПРАВО;
936938G2387;17.01.2022;14.01.2022;16.01.2022;1,04;371508813;936938;Данаит;958129;Сформированная;Выполненное;Транзит МС ТД-442;
936925N1847;17.01.2022;14.01.2022;16.01.2022;1,04;371508823;936925;Сани;958130;Сформированная;Выполненное;Транзит МС ТД-444;
509221G2179;17.01.2022;14.01.2022;16.01.2022;1,04;371508849;509221;Множество;958132;Сформированная;Выполненное;Транзит МС ТД-445;
936950G2402;17.01.2022;15.01.2022;16.01.2022;0,95;371512766;936950;Россини;958143;Сформированная;Выполненное;Транзит МС ТД-415;
601773N1130;17.01.2022;15.01.2022;16.01.2022;0,95;371512776;601773;Ситниковидный;958144;Сформированная;Выполненное;Транзит МС ТД-411;
171850N1162/2;17.01.2022;15.01.2022;16.01.2022;0,95;371512779;171850;Рыботорговец;958145;Сформированная;Выполненное;Транзит МС ТД-409;
503646N1379;17.01.2022;15.01.2022;16.01.2022;0,95;371512798;503646;Альменда;958146;Сформированная;Выполненное;Транзит МС ТД-900;
508745N1452;17.01.2022;15.01.2022;16.01.2022;0,95;371512820;508745;Бельвиль;958187;Сформированная;Выполненное;Транзит МС ТД-199;
945030G2317;17.01.2022;15.01.2022;16.01.2022;0,95;371512842;945030;Адиваси;958191;Сформированная;Выполненное;Транзит МС ТД-401;
369055G1083;17.01.2022;15.01.2022;16.01.2022;0,95;371512850;369055;Угодничание;958192;Сформированная;Выполненное;Транзит МС ТД-399;
063340N1398;17.01.2022;15.01.2022;16.01.2022;0,95;371512863;063340;Дигул;958193;Сформированная;Выполненное;Транзит МС ТД-397;
171850N1162;17.01.2022;15.01.2022;16.01.2022;0,95;371512889;171850;Рыботорговец;958195;Сформированная;Выполненное;Транзит МС ТД-412;
936938G2388;17.01.2022;15.01.2022;16.01.2022;0,95;371512894;936938;Данаит;958196;Сформированная;Выполненное;Транзит МС ТД-421;
369055G1083/2;17.01.2022;15.01.2022;16.01.2022;0,95;371512906;369055;Угодничание;958199;Сформированная;Выполненное;Транзит МС ТД-385;
965035G2056;17.01.2022;15.01.2022;16.01.2022;0,95;371512919;965035;Инструктаж;958200;Сформированная;Выполненное;Транзит МС ТД-387;
063340N1398/2;17.01.2022;15.01.2022;16.01.2022;0,95;371512944;063340;Дигул;958202;Сформированная;Выполненное;Транзит МС ТД-377;
945026G2705;17.01.2022;15.01.2022;16.01.2022;0,95;371512953;945026;Жемчужный;958203;Сформированная;Выполненное;21-ПРАВО;
502784G2809;17.01.2022;15.01.2022;16.01.2022;0,94;371513181;502784;Магас;958217;Сформированная;Выполненное;Транзит МС ТД-371;
935065G2793;17.01.2022;15.01.2022;16.01.2022;0,94;371513204;935065;Ротерем;958219;Сформированная;Выполненное;4-ЛЕВО;
430920G1414;17.01.2022;15.01.2022;16.01.2022;0,94;371513237;430920;Нашильник;958223;Сформированная;Выполненное;Транзит МС ТД-359;
504444N1332;17.01.2022;15.01.2022;16.01.2022;0,94;371513252;504444;Вейланд;958225;Сформированная;Выполненное;Транзит МС ТД-358;
945031G2451;17.01.2022;15.01.2022;16.01.2022;0,94;371513263;945031;Тамейн;958226;Сформированная;Выполненное;Транзит МС ТД-349;
935094N1881;17.01.2022;15.01.2022;16.01.2022;0,94;371513317;935094;Шуман;958230;Сформированная;Выполненное;Транзит МС ТД-343;
937751G3649;17.01.2022;15.01.2022;16.01.2022;0,94;371513329;937751;Джиллиан;958231;Сформированная;Выполненное;Транзит МС ТД-98;
936914N1811;17.01.2022;15.01.2022;16.01.2022;0,94;371513353;936914;Сфалерит;958233;Сформированная;Выполненное;Транзит МС ТД-335;
936949G2321;17.01.2022;15.01.2022;16.01.2022;0,94;371513025;936949;Мелизм;958216;Сформированная;Выполненное;Транзит МС ТД-329;
936925N1848;17.01.2022;15.01.2022;16.01.2022;0,94;371513403;936925;Сани;958236;Сформированная;Выполненное;Транзит МС ТД-326;
433495N1300;17.01.2022;15.01.2022;16.01.2022;0,94;371513417;433495;Кочедыжник;958237;Сформированная;Выполненное;Транзит МС ТД-319;
284733G1971;17.01.2022;15.01.2022;16.01.2022;0,94;371513420;284733;Сервелат;958238;Сформированная;Выполненное;Транзит МС ТД-320;
474627G1521;17.01.2022;15.01.2022;16.01.2022;0,94;371513441;474627;Иасо;958239;Сформированная;Выполненное;Транзит МС ТД-320;
935073G3310;17.01.2022;15.01.2022;16.01.2022;0,94;371513480;935073;Архитрав;958241;Сформированная;Выполненное;Транзит МС ТД-316;
936963G2268;17.01.2022;15.01.2022;16.01.2022;0,94;371513592;936963;Соколов;958242;Сформированная;Выполненное;Транзит МС ТД-309;
430419G1541;17.01.2022;15.01.2022;16.01.2022;0,94;371513624;430419;Лесистость;958245;Сформированная;Выполненное;Транзит МС ТД-304;
937741N1608/2;17.01.2022;15.01.2022;16.01.2022;0,94;371513635;937741;Мэйбель;958246;Сформированная;Выполненное;Транзит МС ТД-304;
936943G2503;17.01.2022;15.01.2022;16.01.2022;0,94;371513640;936943;Арболад;958257;Сформированная;Выполненное;Транзит МС ТД-302;
503990N1282/2;17.01.2022;15.01.2022;16.01.2022;0,94;371513669;503990;Темников;958258;Сформированная;Выполненное;Транзит МС ТД-302;
936939N1635;17.01.2022;15.01.2022;16.01.2022;0,94;371513514;936939;Юнелла;958253;Сформированная;Выполненное;Транзит МС ТД-300;
509274N1312;17.01.2022;15.01.2022;16.01.2022;0,94;371513731;509274;Гудвуд;958261;Сформированная;Выполненное;21-ЛЕВО;
708564N1514;17.01.2022;15.01.2022;16.01.2022;0,94;371513738;708564;Убежище;958262;Сформированная;Выполненное;Транзит МС ТД-283;
965039N1518;17.01.2022;15.01.2022;16.01.2022;0,92;371514527;965039;Блат;958263;Сформированная;Выполненное;Транзит МС ТД-290;
022720N1480;17.01.2022;15.01.2022;16.01.2022;0,92;371514530;022720;Юлмуст;958264;Сформированная;Выполненное;Транзит МС ТД-288;
936936N1697;17.01.2022;15.01.2022;16.01.2022;0,92;371514565;936936;Летисия;958266;Сформированная;Выполненное;Транзит МС ТД-273;
936922G2521;17.01.2022;15.01.2022;16.01.2022;0,92;371514579;936922;Воркута;958299;Сформированная;Выполненное;16-ЛЕВО;
673090G2032;17.01.2022;15.01.2022;16.01.2022;0,92;371514586;673090;Виндалу;958300;Сформированная;Выполненное;Транзит МС ТД-272;
936913N1797;17.01.2022;15.01.2022;16.01.2022;0,92;371514596;936913;Миларит;958301;Сформированная;Выполненное;Транзит МС ТД-257;
935005N2109;17.01.2022;15.01.2022;16.01.2022;0,92;371514608;935005;Стойка;958302;Сформированная;Выполненное;Транзит МС ТД-22;
936918G2479;17.01.2022;15.01.2022;16.01.2022;0,92;371514666;936918;Лунь;958303;Сформированная;Выполненное;Транзит МС ТД-23;
936937G2476;17.01.2022;15.01.2022;16.01.2022;0,92;371514677;936937;Элодия;958304;Сформированная;Выполненное;22-ПРАВО;
935046G2399;17.01.2022;15.01.2022;16.01.2022;0,92;371514722;935046;Блоссом;958317;Сформированная;Выполненное;Транзит МС ТД-44;
529690G2403;17.01.2022;15.01.2022;16.01.2022;0,92;371514728;529690;Харама;958318;Сформированная;Выполненное;Транзит МС ТД-48;
947724G3100;17.01.2022;15.01.2022;16.01.2022;0,92;371514770;947724;Бенгалия;958323;Сформированная;Выполненное;Транзит МС ТД-74;
936992N1683;17.01.2022;15.01.2022;16.01.2022;0,92;371514776;936992;Крутояр;958324;Сформированная;Выполненное;Транзит МС ТД-78;
587975G1506/3;17.01.2022;15.01.2022;16.01.2022;0,92;371514792;587975;Обжинка;958325;Сформированная;Выполненное;Транзит МС ТД-80;
945083G2294;17.01.2022;15.01.2022;16.01.2022;0,92;371514798;945083;Дакридиум;958326;Сформированная;Выполненное;Транзит МС ТД-325;
965018N1602;17.01.2022;15.01.2022;16.01.2022;0,92;371514825;965018;Европеизация;958329;Сформированная;Выполненное;Транзит МС ТД-95;
240414N1017;17.01.2022;15.01.2022;16.01.2022;0,92;371514832;240414;Мензурка;958330;Сформированная;Выполненное;Транзит МС ТД-97;
811752G2042;17.01.2022;15.01.2022;16.01.2022;0,92;371514837;811752;Микропроцессор;958331;Сформированная;Выполненное;Транзит МС ТД-99;
935043G3116;17.01.2022;15.01.2022;16.01.2022;0,92;371514846;935043;Амбер;958332;Сформированная;Выполненное;Транзит МС ТД-101;
503581N1313;17.01.2022;15.01.2022;16.01.2022;0,91;371514881;503581;Наккар;958335;Сформированная;Выполненное;Транзит МС ТД-112;
723627N1146;17.01.2022;15.01.2022;16.01.2022;0,91;371514998;723627;Эклиметр;958336;Сформированная;Выполненное;Транзит МС ТД-119;
936934G2502;17.01.2022;15.01.2022;16.01.2022;0,91;371515015;936934;Леокадия;958347;Сформированная;Выполненное;22-ПРАВО;
962525N1123;17.01.2022;15.01.2022;16.01.2022;0,87;371519410;962525;Специфичность;958356;Сформированная;Выполненное;Транзит МС ТД-189;
950673G1073/3;17.01.2022;15.01.2022;16.01.2022;0,87;371519424;950673;Своеволие;958497;Сформированная;Выполненное;Транзит МС ТД-191;
962525N1123/2;17.01.2022;15.01.2022;16.01.2022;0,87;371519432;962525;Специфичность;958499;Сформированная;Выполненное;Транзит МС ТД-195;
509017N1363;17.01.2022;15.01.2022;16.01.2022;0,87;371519443;509017;Тешин;958500;Сформированная;Выполненное;Транзит МС ТД-202;
501089G2042/2;17.01.2022;15.01.2022;16.01.2022;0,87;371519467;501089;Почерк;958502;Сформированная;Выполненное;Транзит МС ТД-203;
509132N1335;17.01.2022;15.01.2022;16.01.2022;0,87;371519476;509132;Отортен;958504;Сформированная;Выполненное;Транзит МС ТД-209;
935015Tc0003;15.01.2022;15.01.2022;16.01.2022;0,87;371519482;935015;Бра;958505;Сформированная;Отложенное;Транзит МС ТД-212;
950673G1073;17.01.2022;15.01.2022;16.01.2022;0,87;371519596;950673;Своеволие;958507;Сформированная;Выполненное;Транзит МС ТД-215;
945083G2293/7;17.01.2022;15.01.2022;16.01.2022;0,82;371521804;945083;Дакридиум;958691;Сформированная;Выполненное;Транзит МС ТД-363;
509017N1363/2;17.01.2022;15.01.2022;16.01.2022;0,81;371521936;509017;Тешин;958705;Сформированная;Выполненное;Транзит МС ТД-691;
502784N1392/2;17.01.2022;15.01.2022;16.01.2022;0,81;371521961;502784;Магас;958710;Сформированная;Выполненное;Транзит МС ТД-687;
509132N1335/2;17.01.2022;15.01.2022;16.01.2022;0,81;371522006;509132;Отортен;958717;Сформированная;Выполненное;Транзит МС ТД-687;
694868N1339;16.01.2022;15.01.2022;16.01.2022;0,81;371522294;694868;Дикили;958730;Сформированная;Выполненное;Транзит МС ТД-622;
690076GR3220;15.01.2022;15.01.2022;16.01.2022;0,63;371554277;690076;Коловрат;959091;Сформированная;Отложенное;Транзит МС ТД-107;
771830G2682/3;17.01.2022;15.01.2022;16.01.2022;0,62;371555114;771830;Дециграмм;959420;Сформированная;Выполненное;Транзит МС ТД-315;
777995G3296/3;17.01.2022;15.01.2022;16.01.2022;0,62;371555223;777995;Супервайзер;959422;Сформированная;Выполненное;Транзит МС ТД-311;
508912GR2879;17.01.2022;15.01.2022;16.01.2022;0,62;371555495;508912;Прокурор;959424;Сформированная;Выполненное;Транзит МС ТД-319;
501089N1283;17.01.2022;15.01.2022;16.01.2022;0,61;371555528;501089;Почерк;959425;Сформированная;Выполненное;Транзит МС ТД-349;
020588G1745/3;17.01.2022;15.01.2022;16.01.2022;0,61;371555537;020588;Ривертон;959426;Сформированная;Выполненное;Транзит МС ТД-351;
503948G2523/7;17.01.2022;15.01.2022;16.01.2022;0,61;371555613;503948;Риши;959427;Сформированная;Выполненное;Транзит МС ТД-323;
997701C07564/6;17.01.2022;15.01.2022;16.01.2022;0,61;371555626;997701;Солнечногорск 1 Красная;959428;Сформированная;Выполненное;Транзит МС ТД-325;
731468G1917/3;17.01.2022;15.01.2022;16.01.2022;0,61;371555740;731468;Шоссе;959429;Сформированная;Выполненное;Транзит МС ТД-418;
509566G2220;17.01.2022;15.01.2022;16.01.2022;0,61;371555750;509566;Камышница;959430;Сформированная;Выполненное;18-ПРАВО;
509566G2220/4;17.01.2022;15.01.2022;16.01.2022;0,61;371555766;509566;Камышница;959431;Сформированная;Выполненное;18-ПРАВО;
502588GR2554/5;17.01.2022;15.01.2022;16.01.2022;0,61;371555918;502588;Ксавьер;959462;Сформированная;Выполненное;Транзит МС ТД-418;
774914G2373/1;15.01.2022;15.01.2022;16.01.2022;0,61;371556503;774914;Лососевый;959375;Сформированная;Отложенное;Транзит МС ТД-162;
997701P77632/2;17.01.2022;15.01.2022;16.01.2022;0,61;371556506;997701;Солнечногорск 1 Красная;959464;Сформированная;Выполненное;Транзит МС ТД-442;
770055G5809/3;17.01.2022;15.01.2022;16.01.2022;0,61;371556517;770055;Рекинцо;959465;Сформированная;Выполненное;Транзит МС ТД-436;
731468N1142;17.01.2022;15.01.2022;16.01.2022;0,60;371557010;731468;Шоссе;959469;Сформированная;Выполненное;Транзит МС ТД-432;
774759G4564/3;17.01.2022;15.01.2022;16.01.2022;0,60;371557202;774759;Корумба;959470;Сформированная;Выполненное;Транзит МС ТД-355;
774759G4564/3;17.01.2022;15.01.2022;16.01.2022;0,60;371557202;774759;Корумба;959468;Сформированная;Выполненное;Транзит МС ТД-430;
773392G4266/3;17.01.2022;15.01.2022;16.01.2022;0,60;371557233;773392;Дастокс;959502;Сформированная;Выполненное;Транзит МС ТД-382;
773392G4266/3;17.01.2022;15.01.2022;16.01.2022;0,60;371557233;773392;Дастокс;959467;Сформированная;Выполненное;Транзит МС ТД-321;
777759G3504/3;17.01.2022;15.01.2022;16.01.2022;0,60;371557265;777759;Полевка;959503;Сформированная;Выполненное;Транзит МС ТД-384;
503948G2523/3;17.01.2022;15.01.2022;16.01.2022;0,60;371557278;503948;Риши;959466;Сформированная;Выполненное;Транзит МС ТД-328;
503948G2523/3;17.01.2022;15.01.2022;16.01.2022;0,60;371557278;503948;Риши;959504;Сформированная;Выполненное;Транзит МС ТД-386;
503948GR2523/3;17.01.2022;15.01.2022;16.01.2022;0,60;371557443;503948;Риши;959505;Сформированная;Выполненное;Транзит МС ТД-432;
502500G3743/3;17.01.2022;15.01.2022;16.01.2022;0,60;371557460;502500;Совхозное;959506;Сформированная;Выполненное;Транзит МС ТД-341;
502500G3743/3;17.01.2022;15.01.2022;16.01.2022;0,60;371557460;502500;Совхозное;959471;Сформированная;Выполненное;Транзит МС ТД-382;
997701PR77632/2;17.01.2022;15.01.2022;16.01.2022;0,60;371557470;997701;Солнечногорск 1 Красная;959507;Сформированная;Выполненное;Транзит МС ТД-426;
774759G4564/5;17.01.2022;15.01.2022;16.01.2022;0,60;371557473;774759;Корумба;959508;Сформированная;Выполненное;Транзит МС ТД-345;
774759G4564;17.01.2022;15.01.2022;16.01.2022;0,60;371557542;774759;Корумба;959509;Сформированная;Выполненное;Транзит МС ТД-402;
690055G4190/3;15.01.2022;15.01.2022;16.01.2022;0,60;371557559;690055;Квинта;959510;Сформированная;Отложенное;Транзит МС ТД-402;
502591G4069/3;17.01.2022;15.01.2022;16.01.2022;0,57;371558984;502591;Аплинк;959655;Сформированная;Выполненное;Транзит МС ТД-41;
770185G5279/3;17.01.2022;15.01.2022;16.01.2022;0,57;371558870;770185;Смузи;959733;Сформированная;Выполненное;Транзит МС ТД-231;
502591GR4069/3;17.01.2022;15.01.2022;16.01.2022;0,57;371559245;502591;Аплинк;959657;Сформированная;Выполненное;Транзит МС ТД-233;
503092G3001/3;17.01.2022;15.01.2022;16.01.2022;0,55;371560981;503092;Пейнтхорс;959695;Сформированная;Выполненное;Транзит МС ТД-420;
503092GR3001/3;17.01.2022;15.01.2022;16.01.2022;0,55;371561201;503092;Пейнтхорс;959696;Сформированная;Выполненное;Транзит МС ТД-416;
778109G317/3;17.01.2022;15.01.2022;16.01.2022;0,43;371568126;778109;Албани;959977;Сформированная;Выполненное;Транзит МС ТД-331;
509732G2927/2;17.01.2022;15.01.2022;16.01.2022;0,43;371568131;509732;Кроган;959978;Сформированная;Выполненное;Транзит МС ТД-336;
509732G2927;17.01.2022;15.01.2022;16.01.2022;0,42;371568341;509732;Кроган;959979;Сформированная;Выполненное;Транзит МС ТД-328;
509732G2927/3;17.01.2022;15.01.2022;16.01.2022;0,42;371568351;509732;Кроган;959980;Сформированная;Выполненное;Транзит МС ТД-324;
778109G3176/3;17.01.2022;15.01.2022;16.01.2022;0,42;371568533;778109;Албани;960329;Сформированная;Выполненное;Транзит МС ТД-326;
778109G3176/3;17.01.2022;15.01.2022;16.01.2022;0,42;371568533;778109;Албани;959981;Сформированная;Выполненное;Транзит МС ТД-355;
778065G3955/3;17.01.2022;15.01.2022;16.01.2022;0,42;371568574;778065;Светличный;960328;Сформированная;Выполненное;Транзит МС ТД-324;
778065G3955/3;17.01.2022;15.01.2022;16.01.2022;0,42;371568574;778065;Светличный;959982;Сформированная;Выполненное;Транзит МС ТД-361;
773322G4106/7;17.01.2022;15.01.2022;16.01.2022;0,37;371573026;773322;Филофет;960585;Сформированная;Выполненное;Транзит МС ТД-441;
777768G3864/8;17.01.2022;15.01.2022;16.01.2022;0,37;371573044;777768;Арнольд;960588;Сформированная;Выполненное;Транзит МС ТД-424;
509777G2260/4;15.01.2022;15.01.2022;16.01.2022;0,37;371573204;509777;Багно;960593;Сформированная;Отложенное;Транзит МС ТД-392;
777768G3864/10;17.01.2022;15.01.2022;16.01.2022;0,37;371573218;777768;Арнольд;960594;Сформированная;Выполненное;Транзит МС ТД-392;
773322G4106/8;17.01.2022;15.01.2022;16.01.2022;0,36;371573273;773322;Филофет;960595;Сформированная;Выполненное;Транзит МС ТД-339;
773322G4106/4;17.01.2022;15.01.2022;16.01.2022;0,36;371573005;773322;Филофет;960540;Сформированная;Выполненное;Транзит МС ТД-337;
691086G3382/3;17.01.2022;15.01.2022;16.01.2022;0,36;371573473;691086;Молчаливый;960596;Сформированная;Выполненное;7-ПРАВО;
691086G3382/3;17.01.2022;15.01.2022;16.01.2022;0,36;371573473;691086;Молчаливый;960597;Сформированная;Выполненное;Транзит МС ТД-448;
997726C07555/4;17.01.2022;15.01.2022;16.01.2022;0,36;371573771;997726;Красногорск 1 Спасская (а);960598;Сформированная;Выполненное;Транзит МС ТД-299;
509732G2927/6;17.01.2022;15.01.2022;16.01.2022;0,36;371573788;509732;Кроган;960600;Сформированная;Выполненное;Транзит МС ТД-306;
509732G2927/6;17.01.2022;15.01.2022;16.01.2022;0,36;371573788;509732;Кроган;959984;Сформированная;Выполненное;Транзит МС ТД-343;
777768G3864/3;17.01.2022;15.01.2022;16.01.2022;0,36;371573794;777768;Арнольд;960601;Сформированная;Выполненное;Транзит МС ТД-357;
773322G4106/3;17.01.2022;15.01.2022;16.01.2022;0,36;371574073;773322;Филофет;960602;Сформированная;Выполненное;Транзит МС ТД-396;
692854G2521/4;17.01.2022;15.01.2022;16.01.2022;0,36;371574086;692854;Выкорм;960603;Сформированная;Выполненное;Транзит МС ТД-390;
773322G4106/9;17.01.2022;15.01.2022;16.01.2022;0,36;371574107;773322;Филофет;960604;Сформированная;Выполненное;Транзит МС ТД-347;
692854G2521/3;17.01.2022;15.01.2022;16.01.2022;0,36;371574221;692854;Выкорм;960605;Сформированная;Выполненное;Транзит МС ТД-345;
691086N1426;17.01.2022;15.01.2022;16.01.2022;0,36;371574277;691086;Молчаливый;960607;Сформированная;Выполненное;Транзит МС ТД-900;
691086G3382/6;17.01.2022;15.01.2022;16.01.2022;0,36;371574307;691086;Молчаливый;960609;Сформированная;Выполненное;Транзит МС ТД-250;
692854N1223;17.01.2022;15.01.2022;16.01.2022;0,36;371574565;692854;Выкорм;960610;Сформированная;Выполненное;Транзит МС ТД-900;
777768G3864/6;17.01.2022;15.01.2022;16.01.2022;0,36;371574697;777768;Арнольд;960571;Сформированная;Выполненное;Транзит МС ТД-115;
010265GR1508/8;15.01.2022;15.01.2022;16.01.2022;0,36;371574578;010265;Легковатость;960611;Сформированная;Отложенное;Транзит МС ТД-252;
692854G2521/5;17.01.2022;15.01.2022;16.01.2022;0,35;371574978;692854;Выкорм;960622;Сформированная;Выполненное;Транзит МС ТД-900;
692854G2521;17.01.2022;15.01.2022;16.01.2022;0,35;371575026;692854;Выкорм;960623;Сформированная;Выполненное;Транзит МС ТД-900;
692861N1269/3;17.01.2022;15.01.2022;16.01.2022;0,35;371575173;692861;Добивание;960624;Сформированная;Выполненное;Транзит МС ТД-900;
777768G3864/4;17.01.2022;15.01.2022;16.01.2022;0,35;371575187;777768;Арнольд;960625;Сформированная;Выполненное;Транзит МС ТД-12;
773322G4106/2;17.01.2022;15.01.2022;16.01.2022;0,35;371575198;773322;Филофет;960626;Сформированная;Выполненное;Транзит МС ТД-194;
691086G3382;17.01.2022;15.01.2022;16.01.2022;0,35;371575205;691086;Молчаливый;960627;Сформированная;Выполненное;Транзит МС ТД-900;
692854G2521/7;17.01.2022;15.01.2022;16.01.2022;0,35;371575365;692854;Выкорм;960628;Сформированная;Выполненное;Транзит МС ТД-900;
777768G3864/5;17.01.2022;15.01.2022;16.01.2022;0,35;371575388;777768;Арнольд;960629;Сформированная;Выполненное;Транзит МС ТД-137;
777768N1417;17.01.2022;15.01.2022;16.01.2022;0,35;371575615;777768;Арнольд;960630;Сформированная;Выполненное;Транзит МС ТД-166;
692861G2523/4;17.01.2022;15.01.2022;16.01.2022;0,35;371575624;692861;Добивание;960631;Сформированная;Выполненное;Транзит МС ТД-900;
692854N1223/3;17.01.2022;15.01.2022;16.01.2022;0,35;371575653;692854;Выкорм;960652;Сформированная;Выполненное;Транзит МС ТД-900;
509777G2260;15.01.2022;15.01.2022;16.01.2022;0,35;371575673;509777;Багно;960653;Сформированная;Отложенное;Транзит МС ТД-141;
777768G3864;17.01.2022;15.01.2022;16.01.2022;0,35;371575919;777768;Арнольд;960654;Сформированная;Выполненное;Транзит МС ТД-157;
502969G2189/4;15.01.2022;15.01.2022;16.01.2022;0,35;371575940;502969;Арбитрон;960655;Сформированная;Отложенное;Транзит МС ТД-163;
773322G4106;17.01.2022;15.01.2022;16.01.2022;0,35;371575983;773322;Филофет;960656;Сформированная;Выполненное;Транзит МС ТД-450;
777768G3864/12;17.01.2022;15.01.2022;16.01.2022;0,34;371575992;777768;Арнольд;960657;Сформированная;Выполненное;Транзит МС ТД-446;
997701PR7725;17.01.2022;15.01.2022;16.01.2022;0,34;371576010;997701;Солнечногорск 1 Красная;960658;Сформированная;Выполненное;Транзит МС ТД-356;
997701C07569;17.01.2022;15.01.2022;16.01.2022;0,34;371576064;997701;Солнечногорск 1 Красная;960599;Сформированная;Выполненное;Транзит МС ТД-359;
935046G2398/3;17.01.2022;15.01.2022;16.01.2022;0,32;371577427;935046;Блоссом;960772;Сформированная;Выполненное;Транзит МС ТД-277;
503473G2636;17.01.2022;15.01.2022;16.01.2022;0,32;371577717;503473;Дирижирование;960782;Сформированная;Выполненное;7-ПРАВО;
578480G1419/7;17.01.2022;15.01.2022;16.01.2022;0,32;371577844;578480;Нукер;960777;Сформированная;Выполненное;Транзит МС ТД-465;
935046N1675;17.01.2022;15.01.2022;16.01.2022;0,32;371577920;935046;Блоссом;960785;Сформированная;Выполненное;Транзит МС ТД-367;
578480G1419/4;17.01.2022;15.01.2022;16.01.2022;0,32;371577999;578480;Нукер;960786;Сформированная;Выполненное;Транзит МС ТД-423;
770322G3058;15.01.2022;15.01.2022;16.01.2022;0,32;371578008;770322;Булгур;960787;Сформированная;Отложенное;Транзит МС ТД-412;Не наш КА, необходимо проверить корректность приемки
935046G2398;17.01.2022;15.01.2022;16.01.2022;0,32;371578054;935046;Блоссом;960788;Сформированная;Выполненное;Транзит МС ТД-439;
578480G1419;17.01.2022;15.01.2022;16.01.2022;0,32;371578061;578480;Нукер;960789;Сформированная;Выполненное;Транзит МС ТД-435;
760660G2087;17.01.2022;15.01.2022;16.01.2022;0,32;371578238;760660;Ольбрих;960790;Сформированная;Выполненное;Транзит МС ТД-170;
508800G2425;17.01.2022;15.01.2022;16.01.2022;0,31;371578142;508800;Технический;960810;Сформированная;Выполненное;Транзит МС ТД-412;
935046G2398/6;17.01.2022;15.01.2022;16.01.2022;0,31;371578297;935046;Блоссом;960813;Сформированная;Выполненное;Транзит МС ТД-312;
936936N1696;17.01.2022;15.01.2022;16.01.2022;0,31;371578535;936936;Летисия;960825;Сформированная;Выполненное;Транзит МС ТД-366;
578480G1419/5;17.01.2022;15.01.2022;16.01.2022;0,31;371578555;578480;Нукер;960829;Сформированная;Выполненное;Транзит МС ТД-431;
578480N1057;17.01.2022;15.01.2022;16.01.2022;0,31;371578700;578480;Нукер;960815;Сформированная;Выполненное;Транзит МС ТД-427;
935046G2398/7;17.01.2022;15.01.2022;16.01.2022;0,31;371578775;935046;Блоссом;960818;Сформированная;Выполненное;Транзит МС ТД-246;
578480G1419/6;17.01.2022;15.01.2022;16.01.2022;0,31;371578792;578480;Нукер;960820;Сформированная;Выполненное;Транзит МС ТД-255;
502734G2616;17.01.2022;15.01.2022;16.01.2022;0,31;371578810;502734;Ларссон;960821;Сформированная;Выполненное;Транзит МС ТД-255;
931784G1085;17.01.2022;15.01.2022;16.01.2022;0,31;371578859;931784;Хлебопекарня;960853;Сформированная;Выполненное;Транзит МС ТД-279;
997701P77725;17.01.2022;15.01.2022;16.01.2022;0,31;371578862;997701;Солнечногорск 1 Красная;960608;Сформированная;Выполненное;Транзит МС ТД-358;
378261N1015;17.01.2022;15.01.2022;16.01.2022;0,31;371578882;378261;Конголезец;960855;Сформированная;Выполненное;Транзит МС ТД-346;
578480G1419/3;17.01.2022;15.01.2022;16.01.2022;0,31;371579057;578480;Нукер;960866;Сформированная;Выполненное;Транзит МС ТД-250;
996907C06994;17.01.2022;15.01.2022;16.01.2022;0,29;371580259;996907;Вышний Волочек 1 Котовского;960961;Сформированная;Выполненное;Транзит МС ТД-2;
947724N2096;17.01.2022;15.01.2022;16.01.2022;0,24;371583380;947724;Бенгалия;961205;Сформированная;Выполненное;Транзит МС ТД-318;
945030N1678;17.01.2022;15.01.2022;16.01.2022;0,24;371583283;945030;Адиваси;960974;Сформированная;Выполненное;Транзит МС ТД-316;
947724G3099/5;17.01.2022;15.01.2022;16.01.2022;0,24;371583437;947724;Бенгалия;960975;Сформированная;Выполненное;Транзит МС ТД-396;
936913G2650/6;17.01.2022;15.01.2022;16.01.2022;0,24;371583424;936913;Миларит;961210;Сформированная;Выполненное;Транзит МС ТД-414;
937741G2293;17.01.2022;15.01.2022;16.01.2022;0,24;371583441;937741;Мэйбель;960976;Сформированная;Выполненное;Транзит МС ТД-394;
936914G2703;17.01.2022;15.01.2022;16.01.2022;0,24;371583444;936914;Сфалерит;960977;Сформированная;Выполненное;Транзит МС ТД-416;
692877N1192/2;17.01.2022;15.01.2022;16.01.2022;0,24;371583512;692877;Известняк;960978;Сформированная;Выполненное;Транзит МС ТД-379;
945030G2316;17.01.2022;15.01.2022;16.01.2022;0,24;371583519;945030;Адиваси;960979;Сформированная;Выполненное;Транзит МС ТД-386;
936914G2703/5;17.01.2022;15.01.2022;16.01.2022;0,24;371583663;936914;Сфалерит;960980;Сформированная;Выполненное;Транзит МС ТД-449;
947724G3099/3;17.01.2022;15.01.2022;16.01.2022;0,24;371583675;947724;Бенгалия;960981;Сформированная;Выполненное;Транзит МС ТД-422;
509905G2516/3;17.01.2022;15.01.2022;16.01.2022;0,24;371583953;509905;Хлопец;961226;Сформированная;Выполненное;Транзит МС ТД-265;
181612N1172/2;17.01.2022;15.01.2022;16.01.2022;0,24;371583880;181612;Панева;960982;Сформированная;Выполненное;Транзит МС ТД-263;
937741G2293/6;17.01.2022;15.01.2022;16.01.2022;0,23;371584152;937741;Мэйбель;960985;Сформированная;Выполненное;Транзит МС ТД-635;
777822G3866/3;17.01.2022;15.01.2022;16.01.2022;0,21;371585497;777822;Брашно;960988;Сформированная;Выполненное;Транзит МС ТД-273;
503647N1392;17.01.2022;15.01.2022;16.01.2022;0,21;371585521;503647;Корабельщик;960989;Сформированная;Выполненное;Транзит МС ТД-313;
774902G3051/4;17.01.2022;15.01.2022;16.01.2022;0,21;371585534;774902;Мерион;960990;Сформированная;Выполненное;Транзит МС ТД-287;
777822G3866/5;17.01.2022;15.01.2022;16.01.2022;0,21;371585538;777822;Брашно;960991;Сформированная;Выполненное;Транзит МС ТД-289;
777822G3866;17.01.2022;15.01.2022;16.01.2022;0,21;371585567;777822;Брашно;960993;Сформированная;Выполненное;Транзит МС ТД-314;
937776N1751/2;17.01.2022;15.01.2022;16.01.2022;0,21;371585572;937776;Темпура;960994;Сформированная;Выполненное;Транзит МС ТД-310;
937776G2561/8;17.01.2022;15.01.2022;16.01.2022;0,21;371585589;937776;Темпура;960995;Сформированная;Выполненное;Транзит МС ТД-293;
937789G3242/4;17.01.2022;15.01.2022;16.01.2022;0,21;371585602;937789;Панчетта;960996;Сформированная;Выполненное;Транзит МС ТД-291;
937789G3242/2;17.01.2022;15.01.2022;16.01.2022;0,21;371585744;937789;Панчетта;960997;Сформированная;Выполненное;Транзит МС ТД-336;
937776G2561/4;17.01.2022;15.01.2022;16.01.2022;0,21;371585749;937776;Темпура;960998;Сформированная;Выполненное;Транзит МС ТД-19;
937776N1751;17.01.2022;15.01.2022;16.01.2022;0,21;371585756;937776;Темпура;960999;Сформированная;Выполненное;Транзит МС ТД-17;
937789N1966;17.01.2022;15.01.2022;16.01.2022;0,21;371585806;937789;Панчетта;961001;Сформированная;Выполненное;Транзит МС ТД-19;
937776G2561/7;17.01.2022;15.01.2022;16.01.2022;0,21;371585976;937776;Темпура;961004;Сформированная;Выполненное;Транзит МС ТД-31;
774902N1464;17.01.2022;15.01.2022;16.01.2022;0,21;371585983;774902;Мерион;961005;Сформированная;Выполненное;Транзит МС ТД-23;
774902N1464;17.01.2022;15.01.2022;16.01.2022;0,21;371585983;774902;Мерион;961000;Сформированная;Выполненное;Транзит МС ТД-311;
771780G3460;17.01.2022;15.01.2022;16.01.2022;0,21;371586004;771780;Малабо;961006;Сформированная;Выполненное;Транзит МС ТД-130;
937789G3242/6;17.01.2022;15.01.2022;16.01.2022;0,21;371586156;937789;Панчетта;961008;Сформированная;Выполненное;Транзит МС ТД-29;
777822G3866/7;17.01.2022;15.01.2022;16.01.2022;0,20;371586206;777822;Брашно;961011;Сформированная;Выполненное;Транзит МС ТД-25;
770129G5385;17.01.2022;15.01.2022;16.01.2022;0,20;371586073;770129;Яловый;961364;Сформированная;Выполненное;Транзит МС ТД-179;
504054N1611;15.01.2022;15.01.2022;16.01.2022;0,20;371586216;504054;Ньюмаркет;961012;Сформированная;Отложенное;Транзит МС ТД-27;
936913G2650/5;17.01.2022;15.01.2022;16.01.2022;0,20;371586288;936913;Миларит;961018;Сформированная;Выполненное;Транзит МС ТД-136;
503759G2854;17.01.2022;15.01.2022;16.01.2022;0,20;371586309;503759;Гранатомет;961020;Сформированная;Выполненное;Транзит МС ТД-262;
771780G3460/2;17.01.2022;15.01.2022;16.01.2022;0,20;371586306;771780;Малабо;961019;Сформированная;Выполненное;Транзит МС ТД-134;
771780G3460/2;17.01.2022;15.01.2022;16.01.2022;0,20;371586306;771780;Малабо;961015;Сформированная;Выполненное;Транзит МС ТД-31;
937776G2561;17.01.2022;15.01.2022;16.01.2022;0,20;371586315;937776;Темпура;961021;Сформированная;Выполненное;Транзит МС ТД-268;
777822G3866/4;17.01.2022;15.01.2022;16.01.2022;0,20;371586543;777822;Брашно;961381;Сформированная;Выполненное;Транзит МС ТД-284;
502998G2170;15.01.2022;15.01.2022;16.01.2022;0,20;371586499;502998;Ночник;961023;Сформированная;Отложенное;Транзит МС ТД-282;
503647G3008/6;17.01.2022;15.01.2022;16.01.2022;0,20;371586514;503647;Корабельщик;961024;Сформированная;Выполненное;Транзит МС ТД-278;
503759G2854/6;17.01.2022;15.01.2022;16.01.2022;0,20;371586656;503759;Гранатомет;961026;Сформированная;Выполненное;Транзит МС ТД-284;
503759N1437;17.01.2022;15.01.2022;16.01.2022;0,20;371586671;503759;Гранатомет;961027;Сформированная;Выполненное;Транзит МС ТД-282;
947724G3099/4;17.01.2022;15.01.2022;16.01.2022;0,20;371586714;947724;Бенгалия;961028;Сформированная;Выполненное;Транзит МС ТД-318;
770129N1786;17.01.2022;15.01.2022;16.01.2022;0,20;371586724;770129;Яловый;961029;Сформированная;Выполненное;Транзит МС ТД-310;
947724G3099;17.01.2022;15.01.2022;16.01.2022;0,19;371587073;947724;Бенгалия;961424;Сформированная;Выполненное;Транзит МС ТД-47;
770216G4987/7;17.01.2022;15.01.2022;16.01.2022;0,19;371587237;770216;Мейнстрим;961426;Сформированная;Выполненное;Транзит МС ТД-51;
937741G2293/5;17.01.2022;15.01.2022;16.01.2022;0,19;371587241;937741;Мэйбель;961427;Сформированная;Выполненное;Транзит МС ТД-53;
937789G3242/7;17.01.2022;15.01.2022;16.01.2022;0,14;371590239;937789;Панчетта;961501;Сформированная;Выполненное;Транзит МС ТД-244;
777822G3866/6;17.01.2022;15.01.2022;16.01.2022;0,14;371590264;777822;Брашно;961722;Сформированная;Выполненное;Транзит МС ТД-238;
774902G3051;17.01.2022;15.01.2022;16.01.2022;0,14;371590323;774902;Мерион;961723;Сформированная;Выполненное;Транзит МС ТД-243;
936914N1810;17.01.2022;15.01.2022;16.01.2022;0,14;371590664;936914;Сфалерит;961724;Сформированная;Выполненное;Транзит МС ТД-241;
770216G4987/3;17.01.2022;15.01.2022;16.01.2022;0,14;371590696;770216;Мейнстрим;961726;Сформированная;Выполненное;Транзит МС ТД-235;
937789G3242;17.01.2022;15.01.2022;16.01.2022;0,14;371590743;937789;Панчетта;961727;Сформированная;Выполненное;Транзит МС ТД-244;
692877G2195;17.01.2022;15.01.2022;16.01.2022;0,14;371590794;692877;Известняк;961728;Сформированная;Выполненное;Транзит МС ТД-234;
936913N1796;17.01.2022;15.01.2022;16.01.2022;0,14;371591969;936913;Миларит;961731;Сформированная;Выполненное;Транзит МС ТД-227;
770131G5470/4;17.01.2022;15.01.2022;16.01.2022;0,13;371592035;770131;Бакс;961732;Сформированная;Выполненное;Транзит МС ТД-229;
770216G4987;17.01.2022;15.01.2022;16.01.2022;0,13;371592259;770216;Мейнстрим;961734;Сформированная;Выполненное;Транзит МС ТД-223;
945030G2316/4;17.01.2022;15.01.2022;16.01.2022;0,13;371592340;945030;Адиваси;961737;Сформированная;Выполненное;Транзит МС ТД-213;
509905G2516/4;17.01.2022;15.01.2022;16.01.2022;0,13;371592355;509905;Хлопец;961738;Сформированная;Выполненное;Транзит МС ТД-217;
181612GR1881/5;17.01.2022;15.01.2022;16.01.2022;0,13;371592549;181612;Панева;961740;Сформированная;Выполненное;Транзит МС ТД-242;
936914G2703/6;17.01.2022;15.01.2022;16.01.2022;0,13;371592566;936914;Сфалерит;961741;Сформированная;Выполненное;Транзит МС ТД-207;
771780G3460/6;17.01.2022;15.01.2022;16.01.2022;0,13;371592600;771780;Малабо;961852;Сформированная;Выполненное;Транзит МС ТД-205;
503647G3008;17.01.2022;15.01.2022;16.01.2022;0,13;371592624;503647;Корабельщик;961853;Сформированная;Выполненное;Транзит МС ТД-216;
937741N1607;17.01.2022;15.01.2022;16.01.2022;0,12;371592955;937741;Мэйбель;961855;Сформированная;Выполненное;Транзит МС ТД-213;
692877N1192;17.01.2022;15.01.2022;16.01.2022;0,12;371593211;692877;Известняк;961788;Сформированная;Выполненное;Транзит МС ТД-900;
770131GR5470;17.01.2022;15.01.2022;16.01.2022;0,12;371593349;770131;Бакс;961861;Сформированная;Выполненное;Транзит МС ТД-238;
770131G5470/5;17.01.2022;15.01.2022;16.01.2022;0,11;371593404;770131;Бакс;961864;Сформированная;Выполненное;Транзит МС ТД-900;
673090N1462;17.01.2022;15.01.2022;16.01.2022;0,11;371593538;673090;Виндалу;961814;Сформированная;Выполненное;Транзит МС ТД-196;
181612G1881;17.01.2022;15.01.2022;16.01.2022;0,11;371593654;181612;Панева;961865;Сформированная;Выполненное;Транзит МС ТД-227;
504054G3657/6;15.01.2022;15.01.2022;16.01.2022;0,11;371593671;504054;Ньюмаркет;961866;Сформированная;Отложенное;Транзит МС ТД-229;
504054G3657;15.01.2022;15.01.2022;16.01.2022;0,11;371593992;504054;Ньюмаркет;961822;Сформированная;Отложенное;Транзит МС ТД-192;
509905GR2516;17.01.2022;15.01.2022;16.01.2022;0,11;371594096;509905;Хлопец;961868;Сформированная;Выполненное;Транзит МС ТД-236;
691087G3037/4;17.01.2022;15.01.2022;16.01.2022;0,10;371594293;691087;Моментальный;961828;Сформированная;Выполненное;Транзит МС ТД-235;
691087N1229/2;17.01.2022;15.01.2022;16.01.2022;0,08;371595097;691087;Моментальный;961889;Сформированная;Выполненное;Транзит МС ТД-191;
509905N1325;17.01.2022;15.01.2022;16.01.2022;0,08;371595102;509905;Хлопец;961890;Сформированная;Выполненное;Транзит МС ТД-900;
502355G2776;15.01.2022;15.01.2022;16.01.2022;0,08;371595121;502355;Гелиополис;961925;Сформированная;Отложенное;Транзит МС ТД-166;
937741G2293/4;17.01.2022;15.01.2022;16.01.2022;0,08;371595338;937741;Мэйбель;961926;Сформированная;Выполненное;ТранзитМС ТД-164;
936913G2650;17.01.2022;15.01.2022;16.01.2022;0,08;371595312;936913;Миларит;961934;Сформированная;Выполненное;Транзит МС ТД-169;
770216N1384;17.01.2022;15.01.2022;16.01.2022;0,08;371595354;770216;Мейнстрим;961930;Сформированная;Выполненное;Транзит МС ТД-168;
691087N1229;17.01.2022;15.01.2022;16.01.2022;0,07;371595687;691087;Моментальный;961956;Сформированная;Выполненное;Транзит МС ТД-160;
770216G4987/6;17.01.2022;15.01.2022;16.01.2022;0,07;371595725;770216;Мейнстрим;961960;Сформированная;Выполненное;Транзит МС ТД-161;
601773G1439;17.01.2022;15.01.2022;16.01.2022;0,07;371595996;601773;Ситниковидный;961971;Сформированная;Выполненное;Транзит МС ТД-900;
601773G1439;17.01.2022;15.01.2022;16.01.2022;0,07;371595996;601773;Ситниковидный;961909;Сформированная;Выполненное;Транзит МС ТД-900;
692877GR2195/5;17.01.2022;15.01.2022;16.01.2022;0,07;371596152;692877;Известняк;961980;Сформированная;Выполненное;Транзит МС ТД-234;
692877G2195/5;17.01.2022;15.01.2022;16.01.2022;0,07;371596105;692877;Известняк;962012;Сформированная;Выполненное;Транзит МС ТД-900;
120742G1958;17.01.2022;15.01.2022;16.01.2022;0,06;371597256;120742;Мопс;962026;Сформированная;Выполненное;Транзит МС ТД-900;
503929G2255/7;15.01.2022;15.01.2022;16.01.2022;0,06;371597267;503929;Прана;962028;Сформированная;Отложенное;Транзит МС ТД-156;
120742G1958/5;17.01.2022;15.01.2022;16.01.2022;0,06;371597333;120742;Мопс;962043;Сформированная;Выполненное;22-ЛЕВО;
935027N1990;17.01.2022;15.01.2022;16.01.2022;0,06;371597360;935027;Икальма;962046;Сформированная;Выполненное;Транзит МС ТД-130;
947712G2519/6;15.01.2022;15.01.2022;16.01.2022;0,06;371597517;947712;Лефевр;962053;Сформированная;Отложенное;Транзит МС ТД-135;
503499G3305/5;17.01.2022;15.01.2022;16.01.2022;0,06;371597528;503499;Дутыш;962056;Сформированная;Выполненное;3-ПРАВО;
773659G2833/5;17.01.2022;15.01.2022;16.01.2022;0,06;371597735;773659;Гридень;962060;Сформированная;Выполненное;Транзит МС ТД-131;
120742G1958/3;17.01.2022;15.01.2022;16.01.2022;0,06;371597645;120742;Мопс;962085;Сформированная;Выполненное;Транзит МС ТД-900;
120742N1629;17.01.2022;15.01.2022;16.01.2022;0,06;371597759;120742;Мопс;962175;Сформированная;Выполненное;Транзит МС ТД-900;
946902N1536;15.01.2022;15.01.2022;16.01.2022;0,06;371597666;946902;Волчица;962086;Сформированная;Отложенное;Транзит МС ТД-123;
947712G2519/4;15.01.2022;15.01.2022;16.01.2022;0,05;371597980;947712;Лефевр;962184;Сформированная;Отложенное;Транзит МС ТД-115;
777893G2842;15.01.2022;15.01.2022;16.01.2022;0,05;371597986;777893;Формирование;962185;Сформированная;Отложенное;Транзит МС ТД-137;
935027G3135;17.01.2022;15.01.2022;16.01.2022;0,05;371598023;935027;Икальма;962188;Сформированная;Выполненное;Транзит МС ТД-132;
946902G1927/3;15.01.2022;15.01.2022;16.01.2022;0,05;371598041;946902;Волчица;962189;Сформированная;Отложенное;Транзит МС ТД-109;
947712N1832;15.01.2022;15.01.2022;16.01.2022;0,05;371598047;947712;Лефевр;962192;Сформированная;Отложенное;Транзит МС ТД-124;
503499G3305;17.01.2022;15.01.2022;16.01.2022;0,05;371598273;503499;Дутыш;962126;Сформированная;Выполненное;3-ПРАВО;
935027G3135/3;17.01.2022;15.01.2022;16.01.2022;0,05;371598284;935027;Икальма;962127;Сформированная;Выполненное;Транзит МС ТД-134;
504053G3251;15.01.2022;15.01.2022;16.01.2022;0,05;371598392;504053;Сагамихара;962213;Сформированная;Отложенное;Транзит МС ТД-93;
509381N1361;17.01.2022;15.01.2022;16.01.2022;0,05;371598502;509381;Абдаляр;962135;Сформированная;Выполненное;23-ЛЕВО;
946902G1927/5;15.01.2022;15.01.2022;16.01.2022;0,04;371598522;946902;Волчица;962137;Сформированная;Отложенное;Транзит МС ТД-91;
692830G2406;15.01.2022;15.01.2022;16.01.2022;0,04;371598550;692830;Орлецовый;962215;Сформированная;Отложенное;Транзит МС ТД-86;
503929GR2255/3;15.01.2022;15.01.2022;16.01.2022;0,04;371598756;503929;Прана;962141;Сформированная;Отложенное;Транзит МС ТД-232;
773659G2833;17.01.2022;15.01.2022;16.01.2022;0,04;371598777;773659;Гридень;962142;Сформированная;Выполненное;Транзит МС ТД-83;
773659G2833/3;17.01.2022;15.01.2022;16.01.2022;0,04;371598608;773659;Гридень;962219;Сформированная;Выполненное;Транзит МС ТД-79;
120742G1958/6;17.01.2022;15.01.2022;16.01.2022;0,04;371598836;120742;Мопс;962222;Сформированная;Выполненное;22-ЛЕВО;
946902G1927/6;15.01.2022;15.01.2022;16.01.2022;0,04;371598934;946902;Волчица;962150;Сформированная;Отложенное;Транзит МС ТД-75;
946902G1927;15.01.2022;15.01.2022;16.01.2022;0,04;371598873;946902;Волчица;962223;Сформированная;Отложенное;Транзит МС ТД-75;
694828G3019/3;17.01.2022;15.01.2022;16.01.2022;0,04;371599079;694828;Буррито;962168;Сформированная;Выполненное;Транзит МС ТД-69;
694828N1250;17.01.2022;15.01.2022;16.01.2022;0,04;371599095;694828;Буррито;962171;Сформированная;Выполненное;Транзит МС ТД-71;
773659G2833/6;17.01.2022;15.01.2022;16.01.2022;0,03;371599134;773659;Гридень;962227;Сформированная;Выполненное;Транзит МС ТД-97;
935027G3135/4;17.01.2022;15.01.2022;16.01.2022;0,03;371599255;935027;Икальма;962243;Сформированная;Выполненное;Транзит МС ТД-91;
773659G2833/2;17.01.2022;15.01.2022;16.01.2022;0,03;371599209;773659;Гридень;962229;Сформированная;Выполненное;Транзит МС ТД-61;
503929G2255;15.01.2022;15.01.2022;16.01.2022;0,03;371599221;503929;Прана;962230;Сформированная;Отложенное;Транзит МС ТД-59;
935027G3135/6;17.01.2022;15.01.2022;16.01.2022;0,03;371599229;935027;Икальма;962231;Сформированная;Выполненное;Транзит МС ТД-55;
947712G2519/7;15.01.2022;15.01.2022;16.01.2022;0,02;371599707;947712;Лефевр;962362;Сформированная;Отложенное;Транзит МС ТД-89;
503929N1297;15.01.2022;15.01.2022;16.01.2022;0,02;371599806;503929;Прана;962284;Сформированная;Отложенное;Транзит МС ТД-46;
503929G2255/4;15.01.2022;15.01.2022;16.01.2022;0,02;371599941;503929;Прана;962363;Сформированная;Отложенное;Транзит МС ТД-81;
694828N1250/3;17.01.2022;15.01.2022;16.01.2022;0,02;371600051;694828;Буррито;962292;Сформированная;Выполненное;Транзит МС ТД-87;
692830N1262/2;15.01.2022;15.01.2022;16.01.2022;0,02;371599975;692830;Орлецовый;962364;Сформированная;Отложенное;Транзит МС ТД-35;
947712G2519/3;15.01.2022;15.01.2022;16.01.2022;0,02;371600089;947712;Лефевр;962301;Сформированная;Отложенное;Транзит МС ТД-39;
694828G3019;17.01.2022;15.01.2022;16.01.2022;0,02;371600186;694828;Буррито;962334;Сформированная;Выполненное;Транзит МС ТД-65;
692821N1265;17.01.2022;15.01.2022;16.01.2022;0,01;371600487;692821;Вулинг;962339;Сформированная;Выполненное;Транзит МС ТД-616;
692821G2106/3;17.01.2022;15.01.2022;16.01.2022;0,01;371600513;692821;Вулинг;962341;Сформированная;Выполненное;Транзит МС ТД-614;
692830N1262;15.01.2022;15.01.2022;16.01.2022;0,01;371600641;692830;Орлецовый;962343;Сформированная;Отложенное;Транзит МС ТД-612;
503092G3001/6;17.01.2022;16.01.2022;16.01.2022;0,00;371603604;503092;Пейнтхорс;962502;Сформированная;Выполненное;Транзит МС ТД-450;
692866G2115;17.01.2022;16.01.2022;16.01.2022;0,00;371603407;692866;Панджара;962501;Сформированная;Выполненное;Транзит МС ТД-452;
692821G2106/4;17.01.2022;16.01.2022;16.01.2022;0,00;371603611;692821;Вулинг;962503;Сформированная;Выполненное;Транзит МС ТД-483;
508760G3955;17.01.2022;16.01.2022;16.01.2022;0,00;371603695;508760;Личный;962516;Сформированная;Выполненное;Транзит МС ТД-469;
503092G3001/5;17.01.2022;16.01.2022;16.01.2022;0,00;371603833;503092;Пейнтхорс;962505;Сформированная;Выполненное;Транзит МС ТД-481;
503092G3001;17.01.2022;16.01.2022;16.01.2022;0,00;371603853;503092;Пейнтхорс;962506;Сформированная;Выполненное;Транзит МС ТД-479;
996909P39810/8;17.01.2022;16.01.2022;16.01.2022;0,00;371604265;996909;Ржев 1 8 Марта (а);962530;Сформированная;Выполненное;Транзит МС ТД-438;
945083G2293/3;17.01.2022;16.01.2022;16.01.2022;0,00;371604364;945083;Дакридиум;962548;Сформированная;Выполненное;Транзит МС ТД-473;
692866N1167/3;17.01.2022;16.01.2022;16.01.2022;0,00;371604878;692866;Панджара;962572;Сформированная;Выполненное;Транзит МС ТД-451;
945083G2293/8;17.01.2022;16.01.2022;16.01.2022;0,00;371605136;945083;Дакридиум;962555;Сформированная;Выполненное;Транзит МС ТД-425;
503605G2509/3;17.01.2022;16.01.2022;16.01.2022;0,00;371605126;503605;Месартим;962577;Сформированная;Выполненное;7-ЛЕВО;
508760G3955/5;17.01.2022;16.01.2022;16.01.2022;0,00;371605781;508760;Личный;962589;Сформированная;Выполненное;Транзит МС ТД-412;
692866G2115/3;17.01.2022;16.01.2022;16.01.2022;0,00;371605948;692866;Панджара;962596;Сформированная;Выполненное;Транзит МС ТД-410;
778109G3176/6;17.01.2022;16.01.2022;16.01.2022;0,00;371606159;778109;Албани;962631;Сформированная;Выполненное;Транзит МС ТД-446;
945083G2293/4;17.01.2022;16.01.2022;16.01.2022;0,00;371606097;945083;Дакридиум;962591;Сформированная;Выполненное;Транзит МС ТД-413;
945083N1689;17.01.2022;16.01.2022;16.01.2022;0,00;371606372;945083;Дакридиум;962726;Сформированная;Выполненное;Транзит МС ТД-403;
503605N1377;17.01.2022;16.01.2022;16.01.2022;0,00;371606488;503605;Месартим;962649;Сформированная;Выполненное;7-ЛЕВО;
692821N1265/3;17.01.2022;16.01.2022;16.01.2022;0,00;371606499;692821;Вулинг;962652;Сформированная;Выполненное;Транзит МС ТД-182;
503605G2509/4;17.01.2022;16.01.2022;16.01.2022;0,00;371606726;503605;Месартим;962728;Сформированная;Выполненное;7-ЛЕВО;
778109G3176;17.01.2022;16.01.2022;16.01.2022;0,00;371607099;778109;Албани;962672;Сформированная;Выполненное;Транзит МС ТД-405;
692821G2106;17.01.2022;16.01.2022;16.01.2022;0,00;371607111;692821;Вулинг;962675;Сформированная;Выполненное;Транзит МС ТД-390;
692866N1167;17.01.2022;16.01.2022;16.01.2022;0,00;371607270;692866;Панджара;962680;Сформированная;Выполненное;Транзит МС ТД-414;
945083G2293;17.01.2022;16.01.2022;16.01.2022;0,00;371607521;945083;Дакридиум;962686;Сформированная;Выполненное;Транзит МС ТД-420;
692866G2115/5;17.01.2022;16.01.2022;16.01.2022;0,00;371607678;692866;Панджара;962763;Сформированная;Выполненное;Транзит МС ТД-404;
965043G1952/6;16.01.2022;16.01.2022;16.01.2022;0,00;371607709;965043;Боровенск;962765;Сформированная;Отложенное;Транзит МС ТД-157;
772087G2925/5;17.01.2022;16.01.2022;16.01.2022;0,00;371607716;772087;Форзейль;962766;Сформированная;Выполненное;Транзит МС ТД-900;
945095G2313;16.01.2022;16.01.2022;16.01.2022;0,00;371607865;945095;Музыка;962694;Сформированная;Отложенное;Транзит МС ТД-217;
772087G2925;17.01.2022;16.01.2022;16.01.2022;0,00;371608477;772087;Форзейль;962703;Сформированная;Выполненное;Транзит МС ТД-388;
503317G2430;16.01.2022;16.01.2022;16.01.2022;0,00;371608509;503317;Бечевка;962704;Сформированная;Отложенное;Транзит МС ТД-417;
777878G3877/2;17.01.2022;16.01.2022;16.01.2022;0,00;371608536;777878;Разметка;962706;Сформированная;Выполненное;Транзит МС ТД-419;
936921G2563/4;16.01.2022;16.01.2022;16.01.2022;0,00;371608647;936921;Риони;962770;Сформированная;Отложенное;Транзит МС ТД-371;
502471G3942;17.01.2022;16.01.2022;16.01.2022;0,00;371608802;502471;Тангаж;962717;Сформированная;Выполненное;Транзит МС ТД-361;
694829G2722;16.01.2022;16.01.2022;16.01.2022;0,00;371608702;694829;Щепотка;962771;Сформированная;Отложенное;Транзит МС ТД-368;
503786G2632;17.01.2022;16.01.2022;16.01.2022;0,00;371608713;503786;Ибериец;962772;Сформированная;Выполненное;Транзит МС ТД-353;
502471G3942/6;17.01.2022;16.01.2022;16.01.2022;0,00;371608862;502471;Тангаж;962782;Сформированная;Выполненное;Транзит МС ТД-364;
936921G2563/6;16.01.2022;16.01.2022;16.01.2022;0,00;371608970;936921;Риони;962773;Сформированная;Отложенное;Транзит МС ТД-354;
694829N1194;16.01.2022;16.01.2022;16.01.2022;0,00;371608983;694829;Щепотка;962774;Сформированная;Отложенное;Транзит МС ТД-341;
904060G1313;16.01.2022;16.01.2022;16.01.2022;0,00;371609812;904060;Аптека Рыбачий;962808;Сформированная;Отложенное;Транзит МС ТД-354;
781649G1712/3;17.01.2022;16.01.2022;16.01.2022;0,00;371610039;781649;Тангфен;962850;Сформированная;Выполненное;Транзит МС ТД-356;
935024G2960/5;16.01.2022;16.01.2022;16.01.2022;0,00;371609989;935024;Плитка;962830;Сформированная;Отложенное;Транзит МС ТД-362;
474627G1520/5;17.01.2022;16.01.2022;16.01.2022;0,00;371610371;474627;Иасо;962859;Сформированная;Выполненное;Транзит МС ТД-340;
502949GR3103/6;17.01.2022;16.01.2022;16.01.2022;0,00;371610514;502949;Идеализм;962885;Сформированная;Выполненное;Транзит МС ТД-362;
965043G1952/5;16.01.2022;16.01.2022;16.01.2022;0,00;371610329;965043;Боровенск;962879;Сформированная;Отложенное;Транзит МС ТД-342;
936908G2763;16.01.2022;16.01.2022;16.01.2022;0,00;371610626;936908;Драпировка;962889;Сформированная;Отложенное;Транзит МС ТД-348;
502949N1423;17.01.2022;16.01.2022;16.01.2022;0,00;371610947;502949;Идеализм;962893;Сформированная;Выполненное;Транзит МС ТД-344;
063340G1862/6;17.01.2022;16.01.2022;16.01.2022;0,00;371610987;063340;Дигул;962894;Сформированная;Выполненное;Транзит МС ТД-331;
945095N1696/2;16.01.2022;16.01.2022;16.01.2022;0,00;371610727;945095;Музыка;962881;Сформированная;Отложенное;Транзит МС ТД-333;
772087G2925/7;17.01.2022;16.01.2022;16.01.2022;0,00;371611241;772087;Форзейль;962902;Сформированная;Выполненное;Транзит МС ТД-332;
945095N1696;16.01.2022;16.01.2022;16.01.2022;0,00;371611249;945095;Музыка;962903;Сформированная;Отложенное;Транзит МС ТД-335;
503786G2632/3;17.01.2022;16.01.2022;16.01.2022;0,00;371611383;503786;Ибериец;962900;Сформированная;Выполненное;Транзит МС ТД-322;
777878G3877/3;17.01.2022;16.01.2022;16.01.2022;0,00;371611400;777878;Разметка;962901;Сформированная;Выполненное;Транзит МС ТД-322;
936955G2292/3;16.01.2022;16.01.2022;16.01.2022;0,00;371611406;936955;Трение;962913;Сформированная;Отложенное;Транзит МС ТД-326;
503786G2632/6;17.01.2022;16.01.2022;16.01.2022;0,00;371611331;503786;Ибериец;962908;Сформированная;Выполненное;Транзит МС ТД-336;
777878G3877/4;17.01.2022;16.01.2022;16.01.2022;0,00;371611542;777878;Разметка;962909;Сформированная;Выполненное;Транзит МС ТД-334;
503317N1433;16.01.2022;16.01.2022;16.01.2022;0,00;371611715;503317;Бечевка;962918;Сформированная;Отложенное;Транзит МС ТД-352;
503646G2333/3;17.01.2022;16.01.2022;16.01.2022;0,00;371613034;503646;Альменда;962998;Сформированная;Выполненное;Транзит МС ТД-344;
502471G3942/3;17.01.2022;16.01.2022;16.01.2022;0,00;371613085;502471;Тангаж;962999;Сформированная;Выполненное;Транзит МС ТД-308;
936921N2071;16.01.2022;16.01.2022;16.01.2022;0,00;371613561;936921;Риони;963027;Сформированная;Отложенное;Транзит МС ТД-308;
936908G2763/4;16.01.2022;16.01.2022;16.01.2022;0,00;371613209;936908;Драпировка;963016;Сформированная;Отложенное;Транзит МС ТД-306;
502471GR3942/2;17.01.2022;16.01.2022;16.01.2022;0,00;371613761;502471;Тангаж;963042;Сформированная;Выполненное;Транзит МС ТД-364;
777878G3877;17.01.2022;16.01.2022;16.01.2022;0,00;371614193;777878;Разметка;963033;Сформированная;Выполненное;Транзит МС ТД-298;
945095G2313/6;16.01.2022;16.01.2022;16.01.2022;0,00;371613801;945095;Музыка;963047;Сформированная;Отложенное;Транзит МС ТД-300;
772087G2925/3;17.01.2022;16.01.2022;16.01.2022;0,00;371614770;772087;Форзейль;963061;Сформированная;Выполненное;Транзит МС ТД-298;
936955G2292;16.01.2022;16.01.2022;16.01.2022;0,00;371614829;936955;Трение;963080;Сформированная;Отложенное;Транзит МС ТД-281;
772087G2925/4;17.01.2022;16.01.2022;16.01.2022;0,00;371615143;772087;Форзейль;963071;Сформированная;Выполненное;Транзит МС ТД-290;
503786G2632/2;17.01.2022;16.01.2022;16.01.2022;0,00;371615086;503786;Ибериец;963086;Сформированная;Выполненное;Транзит МС ТД-279;
936908N1893/2;16.01.2022;16.01.2022;16.01.2022;0,00;371615263;936908;Драпировка;963089;Сформированная;Отложенное;Транзит МС ТД-286;
965043N1499;16.01.2022;16.01.2022;16.01.2022;0,00;371615201;965043;Боровенск;963092;Сформированная;Отложенное;Транзит МС ТД-280;
936908N1893;16.01.2022;16.01.2022;16.01.2022;0,00;371615602;936908;Драпировка;963181;Сформированная;Отложенное;Транзит МС ТД-253;
936921G2563;16.01.2022;16.01.2022;16.01.2022;0,00;371615617;936921;Риони;963183;Сформированная;Отложенное;Транзит МС ТД-276;
965043G1952;16.01.2022;16.01.2022;16.01.2022;0,00;371615907;965043;Боровенск;963193;Сформированная;Отложенное;Транзит МС ТД-261;
936955N1616;16.01.2022;16.01.2022;16.01.2022;0,00;371616175;936955;Трение;963203;Сформированная;Отложенное;Транзит МС ТД-256;
010265GR1498;16.01.2022;16.01.2022;16.01.2022;0,00;371623083;010265;Легковатость;963264;Сформированная;Отложенное;Транзит МС ТД-360;
945095G2314;16.01.2022;16.01.2022;16.01.2022;0,00;371625851;945095;Музыка;963268;Сформированная;Отложенное;Транзит МС ТД-334;
936974G1966;16.01.2022;16.01.2022;16.01.2022;0,00;371623201;936974;Ниниб;963257;Сформированная;Отложенное;Транзит МС ТД-330;
502787G2452;16.01.2022;16.01.2022;16.01.2022;0,00;371630062;502787;Натальский;963271;Сформированная;Отложенное;Транзит МС ТД-332;
503317G2431;16.01.2022;16.01.2022;16.01.2022;0,00;371623213;503317;Бечевка;963258;Сформированная;Отложенное;Транзит МС ТД-340;
502760N1437/2;16.01.2022;16.01.2022;16.01.2022;0,00;371623222;502760;Каспийский;963259;Сформированная;Отложенное;Транзит МС ТД-342;
771787N1347/2;16.01.2022;16.01.2022;16.01.2022;0,00;371634269;771787;Айран;963302;Сформированная;Отложенное;Транзит МС ТД-342;
936903G3079;16.01.2022;16.01.2022;16.01.2022;0,00;371623232;936903;Блаженство;963260;Сформированная;Отложенное;Транзит МС ТД-348;
502805G2763;16.01.2022;16.01.2022;16.01.2022;0,00;371634396;502805;Никандра;963304;Сформированная;Отложенное;Транзит МС ТД-398;
733685G1238;16.01.2022;16.01.2022;16.01.2022;0,00;371634463;733685;Тринадцатилетие;963308;Сформированная;Отложенное;Транзит МС ТД-33;
694855G3103/2;16.01.2022;16.01.2022;16.01.2022;0,00;371634927;694855;Ризография;963382;Сформированная;Отложенное;Транзит МС ТД-308;
503795G2695;16.01.2022;16.01.2022;16.01.2022;0,00;371634895;503795;Игольщик;963330;Сформированная;Отложенное;Транзит МС ТД-312;
771787G2706;16.01.2022;16.01.2022;16.01.2022;0,00;371635150;771787;Айран;963383;Сформированная;Отложенное;Транзит МС ТД-308;
750715G1744;16.01.2022;16.01.2022;16.01.2022;0,00;371635318;750715;Нарастание;963340;Сформированная;Отложенное;Транзит МС ТД-306;
683069G1584;16.01.2022;16.01.2022;16.01.2022;0,00;371635421;683069;Океанолог;963384;Сформированная;Отложенное;Транзит МС ТД-302;
936921G2564;16.01.2022;16.01.2022;16.01.2022;0,00;371635517;936921;Риони;963343;Сформированная;Отложенное;Транзит МС ТД-475;
965043N1500;16.01.2022;16.01.2022;16.01.2022;0,00;371635516;965043;Боровенск;963385;Сформированная;Отложенное;Транзит МС ТД-304;
502465N1280;16.01.2022;16.01.2022;16.01.2022;0,00;371635726;502465;Шилд;963386;Сформированная;Отложенное;Транзит МС ТД-350;
502871G2439;16.01.2022;16.01.2022;16.01.2022;0,00;371635732;502871;Траст;963387;Сформированная;Отложенное;Транзит МС ТД-35;
947712N1833/2;16.01.2022;16.01.2022;16.01.2022;0,00;371635655;947712;Лефевр;963345;Сформированная;Отложенное;Транзит МС ТД-10;
502847G2416;16.01.2022;16.01.2022;16.01.2022;0,00;371635748;502847;Свубат;963388;Сформированная;Отложенное;Транзит МС ТД-286;
947712N1833;16.01.2022;16.01.2022;16.01.2022;0,00;371635687;947712;Лефевр;963346;Сформированная;Отложенное;Транзит МС ТД-284;
503882G2350;16.01.2022;16.01.2022;16.01.2022;0,00;371635691;503882;Занижение;963347;Сформированная;Отложенное;Транзит МС ТД-280;
936929N1892/2;16.01.2022;16.01.2022;16.01.2022;0,00;371635708;936929;Дымчатка;963348;Сформированная;Отложенное;Транзит МС ТД-282;
509681G2707;16.01.2022;16.01.2022;16.01.2022;0,00;371636888;509681;Закусочный;963356;Сформированная;Отложенное;Транзит МС ТД-248;
502783G2449;16.01.2022;16.01.2022;16.01.2022;0,00;371636893;502783;Калтан;963357;Сформированная;Отложенное;Транзит МС ТД-252;
359938G2479;16.01.2022;16.01.2022;16.01.2022;0,00;371636942;359938;Резерваж;963389;Сформированная;Отложенное;Транзит МС ТД-246;
945013N1928/2;16.01.2022;16.01.2022;16.01.2022;0,00;371637020;945013;Орпен;963358;Сформированная;Отложенное;Транзит МС ТД-254;
935027N1991;16.01.2022;16.01.2022;16.01.2022;0,00;371637034;935027;Икальма;963359;Сформированная;Отложенное;Транзит МС ТД-256;
936901G3571;16.01.2022;16.01.2022;16.01.2022;0,00;371636959;936901;Красотка;963390;Сформированная;Отложенное;Транзит МС ТД-252;
503040G2212;16.01.2022;16.01.2022;16.01.2022;0,00;371637085;503040;Патрон;963361;Сформированная;Отложенное;Транзит МС ТД-262;
879903G1263;16.01.2022;16.01.2022;16.01.2022;0,00;371636997;879903;Турнюра;963391;Сформированная;Отложенное;Транзит МС ТД-251;
937776G2562;16.01.2022;16.01.2022;16.01.2022;0,00;371637112;937776;Темпура;963371;Сформированная;Отложенное;Транзит МС ТД-247;
502760N1437;16.01.2022;16.01.2022;16.01.2022;0,00;371637120;502760;Каспийский;963372;Сформированная;Отложенное;Транзит МС ТД-266;
670884G1114/2;16.01.2022;16.01.2022;16.01.2022;0,00;371637226;670884;Перешелест;963392;Сформированная;Отложенное;Транзит МС ТД-253;
937789G3244;16.01.2022;16.01.2022;16.01.2022;0,00;371637234;937789;Панчетта;963393;Сформированная;Отложенное;Транзит МС ТД-250;
879903G1263/4;16.01.2022;16.01.2022;16.01.2022;0,00;371637242;879903;Турнюра;963394;Сформированная;Отложенное;Транзит МС ТД-249;
936962G2318;16.01.2022;16.01.2022;16.01.2022;0,00;371637149;936962;Пироговский;963374;Сформированная;Отложенное;Транзит МС ТД-261;
946902N1537/2;16.01.2022;16.01.2022;16.01.2022;0,00;371637155;946902;Волчица;963375;Сформированная;Отложенное;Транзит МС ТД-248;
503029N1394;16.01.2022;16.01.2022;16.01.2022;0,00;371637181;503029;Металл;963378;Сформированная;Отложенное;Транзит МС ТД-265;
936929G2309;16.01.2022;16.01.2022;16.01.2022;0,00;371637190;936929;Дымчатка;963379;Сформированная;Отложенное;Транзит МС ТД-312;
945013N1928;16.01.2022;16.01.2022;16.01.2022;0,00;371637216;945013;Орпен;963381;Сформированная;Отложенное;Транзит МС ТД-276;
120742G1959;16.01.2022;16.01.2022;16.01.2022;0,00;371637331;120742;Мопс;963403;Сформированная;Отложенное;Транзит МС ТД-260;
508851G2906;16.01.2022;16.01.2022;16.01.2022;0,00;371637523;508851;Лисбонино;963395;Сформированная;Отложенное;Транзит МС ТД-274;
604355G1719;16.01.2022;16.01.2022;16.01.2022;0,00;371637374;604355;Математизация;963406;Сформированная;Отложенное;Транзит МС ТД-272;
937776N1752/2;16.01.2022;16.01.2022;16.01.2022;0,00;371637551;937776;Темпура;963396;Сформированная;Отложенное;Транзит МС ТД-270;
965045G2024;16.01.2022;16.01.2022;16.01.2022;0,00;371637630;965045;Инспектирование;963408;Сформированная;Отложенное;Транзит МС ТД-262;
501092G2548;16.01.2022;16.01.2022;16.01.2022;0,00;371637655;501092;Резервуар;963410;Сформированная;Отложенное;Транзит МС ТД-398;
503499G3305/6;16.01.2022;16.01.2022;16.01.2022;0,00;371638119;503499;Дутыш;963419;Сформированная;Отложенное;Транзит МС ТД-174;
771780G3460/3;16.01.2022;16.01.2022;16.01.2022;0,00;371638070;771780;Малабо;963399;Сформированная;Отложенное;Транзит МС ТД-176;
778109N1436;16.01.2022;16.01.2022;16.01.2022;0,00;371638137;778109;Албани;963422;Сформированная;Отложенное;Транзит МС ТД-174;
778109G3176/7;16.01.2022;16.01.2022;16.01.2022;0,00;371638161;778109;Албани;963425;Сформированная;Отложенное;Транзит МС ТД-176;
770220G4282/3;16.01.2022;16.01.2022;16.01.2022;0,00;371638300;770220;Вариатор;963445;Сформированная;Отложенное;Транзит МС ТД-161;
690714N1380;16.01.2022;16.01.2022;16.01.2022;0,00;371638451;690714;Виролин;963450;Сформированная;Отложенное;Транзит МС ТД-159;
508760G3955/7;16.01.2022;16.01.2022;16.01.2022;0,00;371638486;508760;Личный;963472;Сформированная;Отложенное;Транзит МС ТД-178;
503759G2854/8;16.01.2022;16.01.2022;16.01.2022;0,00;371638517;503759;Гранатомет;963470;Сформированная;Отложенное;Транзит МС ТД-198;
509990G2598/3;16.01.2022;16.01.2022;16.01.2022;0,00;371638541;509990;Чира;963482;Сформированная;Отложенное;Транзит МС ТД-200;
509990G2598/3;16.01.2022;16.01.2022;16.01.2022;0,00;371638541;509990;Чира;963451;Сформированная;Отложенное;Транзит МС ТД-180;
503759G2854/4;16.01.2022;16.01.2022;16.01.2022;0,00;371638600;503759;Гранатомет;963483;Сформированная;Отложенное;Транзит МС ТД-202;
503317G2430/3;16.01.2022;16.01.2022;16.01.2022;0,00;371638616;503317;Бечевка;963484;Сформированная;Отложенное;Транзит МС ТД-175;
694829G2722/3;16.01.2022;16.01.2022;16.01.2022;0,00;371638839;694829;Щепотка;963501;Сформированная;Отложенное;Транзит МС ТД-205;
378261N1018;16.01.2022;16.01.2022;16.01.2022;0,00;371638777;378261;Конголезец;963490;Сформированная;Отложенное;Транзит МС ТД-211;
272993N1208;16.01.2022;16.01.2022;16.01.2022;0,00;371638786;272993;Самонакладчик;963491;Сформированная;Отложенное;Транзит МС ТД-209;
946902G1928;16.01.2022;16.01.2022;16.01.2022;0,00;371638876;946902;Волчица;963502;Сформированная;Отложенное;Транзит МС ТД-125;
773768N1274;16.01.2022;16.01.2022;16.01.2022;0,00;371638900;773768;Технообраз;963503;Сформированная;Отложенное;Транзит МС ТД-219;
293851G1983;16.01.2022;16.01.2022;16.01.2022;0,00;371638906;293851;Мантанани;963504;Сформированная;Отложенное;Транзит МС ТД-207;
694855G3103;16.01.2022;16.01.2022;16.01.2022;0,00;371639027;694855;Ризография;963505;Сформированная;Отложенное;Транзит МС ТД-223;
502413G3207;16.01.2022;16.01.2022;16.01.2022;0,00;371638991;502413;Лугия;963518;Сформированная;Отложенное;Транзит МС ТД-221;
502473N1634;16.01.2022;16.01.2022;16.01.2022;0,00;371639005;502473;Левкой;963519;Сформированная;Отложенное;Транзит МС ТД-230;
670884G1114/4;16.01.2022;16.01.2022;16.01.2022;0,00;371639135;670884;Перешелест;963521;Сформированная;Отложенное;Транзит МС ТД-237;
120742N1630/2;16.01.2022;16.01.2022;16.01.2022;0,00;371639141;120742;Мопс;963522;Сформированная;Отложенное;Транзит МС ТД-239;
503916N1245;16.01.2022;16.01.2022;16.01.2022;0,00;371639072;503916;Спартакиада;963506;Сформированная;Отложенное;Транзит МС ТД-243;
778109G3176/4;16.01.2022;16.01.2022;16.01.2022;0,00;371639176;778109;Албани;963524;Сформированная;Отложенное;Транзит МС ТД-241;
770131G5470/3;16.01.2022;16.01.2022;16.01.2022;0,00;371639344;770131;Бакс;963528;Сформированная;Отложенное;Транзит МС ТД-14;
771780GR3460/3;16.01.2022;16.01.2022;16.01.2022;0,00;371639407;771780;Малабо;963531;Сформированная;Отложенное;Транзит МС ТД-40;
770131GR5470/6;16.01.2022;16.01.2022;16.01.2022;0,00;371639573;770131;Бакс;963543;Сформированная;Отложенное;Транзит МС ТД-28;
508760G3955/4;16.01.2022;16.01.2022;16.01.2022;0,00;371639602;508760;Личный;963545;Сформированная;Отложенное;Транзит МС ТД-20;
503092G3001/7;16.01.2022;16.01.2022;16.01.2022;0,00;371639734;503092;Пейнтхорс;963549;Сформированная;Отложенное;Транзит МС ТД-18;
508820NR1288;16.01.2022;16.01.2022;16.01.2022;0,00;371642896;508820;Диоклес;963722;Сформированная;Отложенное;Транзит МС ТД-297;
936918G2478/2;16.01.2022;16.01.2022;16.01.2022;0,00;371649575;936918;Лунь;963851;Сформированная;Отложенное;Транзит МС ТД-58;
931784G1086/1;16.01.2022;16.01.2022;16.01.2022;0,00;371649787;931784;Хлебопекарня;963791;Сформированная;Отложенное;Транзит МС ТД-88;
997701C07569/1;16.01.2022;16.01.2022;16.01.2022;0,00;371649837;997701;Солнечногорск 1 Красная;963922;Сформированная;Отложенное;Транзит МС ТД-120;
945056N1782/2;16.01.2022;16.01.2022;16.01.2022;0,00;371650794;945056;Воскресный;963878;Сформированная;Отложенное;Транзит МС ТД-218;
601773A1439/5;16.01.2022;16.01.2022;16.01.2022;0,00;371652720;601773;Ситниковидный;963967;Сформированная;Отложенное;Транзит МС ТД-51;
777918GRR3322;16.01.2022;16.01.2022;16.01.2022;0,00;371652926;777918;Салли;963985;Сформированная;Отложенное;Транзит МС ТД-55;
694868G3249/3;16.01.2022;16.01.2022;16.01.2022;0,00;371653693;694868;Дикили;964016;Сформированная;Отложенное;Транзит МС ТД-628;
683069G1583/3;16.01.2022;16.01.2022;16.01.2022;0,00;371657322;683069;Океанолог;964207;Сформированная;Отложенное;Транзит МС ТД-41;
358052G1872;16.01.2022;16.01.2022;16.01.2022;0,00;371657228;358052;Карванна;964104;Сформированная;Отложенное;Транзит МС ТД-45;
;;;;;;;;;;;Транзит;ТТ без опознавательных знаков
;;;;;;;;;;;Транзит;ТТ без опознавательных знаков
;;;;;;;;;;;Транзит;ТТ без опознавательных знаков
;;;;;;;;;;;Транзит;ТТ без опознавательных знаков
;;;;;;;;;;;Транзит;ТТ без опознавательных знаков
;;;;;;;;;;;Транзит;ТТ без опознавательных знаков
;;;;;;;;;;;Транзит;ТТ без опознавательных знаков
;;;;;;;;;;;Транзит;ТТ без опознавательных знаков
